dataset,vendor,layout,path,symbol,year,min_date,max_date,rows
equity_eod,synth,flat,data_synth/prices/AXISBANK.NS.parquet,AXISBANK.NS,,2015-01-01,2025-12-31,2870.0
equity_eod,synth,flat,data_synth/prices/AXISBANK_NS.parquet,AXISBANK_NS,,2015-01-01,2025-12-31,2870.0
equity_eod,synth,flat,data_synth/prices/BHARTIARTL.NS.parquet,BHARTIARTL.NS,,2015-01-01,2025-12-31,2870.0
equity_eod,synth,flat,data_synth/prices/BHARTIARTL_NS.parquet,BHARTIARTL_NS,,2015-01-01,2025-12-31,2870.0
equity_eod,synth,flat,data_synth/prices/HDFCBANK.NS.parquet,HDFCBANK.NS,,2015-01-01,2025-12-31,2870.0
equity_eod,synth,flat,data_synth/prices/HDFCBANK_NS.parquet,HDFCBANK_NS,,2015-01-01,2025-12-31,2870.0
equity_eod,synth,flat,data_synth/prices/ICICIBANK.NS.parquet,ICICIBANK.NS,,2015-01-01,2025-12-31,2870.0
equity_eod,synth,flat,data_synth/prices/ICICIBANK_NS.parquet,ICICIBANK_NS,,2015-01-01,2025-12-31,2870.0
equity_eod,synth,flat,data_synth/prices/INFY.NS.parquet,INFY.NS,,2015-01-01,2025-12-31,2870.0
equity_eod,synth,flat,data_synth/prices/INFY_NS.parquet,INFY_NS,,2015-01-01,2025-12-31,2870.0
equity_eod,synth,flat,data_synth/prices/ITC.NS.parquet,ITC.NS,,2015-01-01,2025-12-31,2870.0
equity_eod,synth,flat,data_synth/prices/ITC_NS.parquet,ITC_NS,,2015-01-01,2025-12-31,2870.0
equity_eod,synth,flat,data_synth/prices/LT.NS.parquet,LT.NS,,2015-01-01,2025-12-31,2870.0
equity_eod,synth,flat,data_synth/prices/LT_NS.parquet,LT_NS,,2015-01-01,2025-12-31,2870.0
equity_eod,synth,flat,data_synth/prices/RELIANCE.NS.parquet,RELIANCE.NS,,2015-01-01,2025-12-31,2870.0
equity_eod,synth,flat,data_synth/prices/RELIANCE_NS.parquet,RELIANCE_NS,,2015-01-01,2025-12-31,2870.0
equity_eod,synth,flat,data_synth/prices/SBIN.NS.parquet,SBIN.NS,,2015-01-01,2025-12-31,2870.0
equity_eod,synth,flat,data_synth/prices/SBIN_NS.parquet,SBIN_NS,,2015-01-01,2025-12-31,2870.0
equity_eod,synth,flat,data_synth/prices/TCS.NS.parquet,TCS.NS,,2015-01-01,2025-12-31,2870.0
equity_eod,synth,flat,data_synth/prices/TCS_NS.parquet,TCS_NS,,2015-01-01,2025-12-31,2870.0
fundamentals,synth,flat,data_synth/fundamentals/AXISBANK_NS_fundamentals.parquet,,,,,
fundamentals,synth,flat,data_synth/fundamentals/BHARTIARTL_NS_fundamentals.parquet,,,,,
fundamentals,synth,flat,data_synth/fundamentals/HDFCBANK_NS_fundamentals.parquet,,,,,
fundamentals,synth,flat,data_synth/fundamentals/ICICIBANK_NS_fundamentals.parquet,,,,,
fundamentals,synth,flat,data_synth/fundamentals/INFY_NS_fundamentals.parquet,,,,,
fundamentals,synth,flat,data_synth/fundamentals/ITC_NS_fundamentals.parquet,,,,,
fundamentals,synth,flat,data_synth/fundamentals/LT_NS_fundamentals.parquet,,,,,
fundamentals,synth,flat,data_synth/fundamentals/RELIANCE_NS_fundamentals.parquet,,,,,
fundamentals,synth,flat,data_synth/fundamentals/SBIN_NS_fundamentals.parquet,,,,,
fundamentals,synth,flat,data_synth/fundamentals/TCS_NS_fundamentals.parquet,,,,,
fundamentals,synth,flat,data_synth/fundamentals/fundamentals.parquet,,,2015-03-31,2025-12-31,440.0
