﻿"task","planned_hours","credited_fraction","credited_hours"
"Pilot_DataLayer","5","1","5"
"Pilot_Factors","7","1","7"
"Pilot_Portfolio","5","1","5"
"Pilot_EvalPack","7","1","7"
"Pilot_TestsDocs","4","0.5","2"
"MVP_LiveAdapters","9","0","0"
"MVP_UniverseBuilder","7","0.5","3.5"
"MVP_Orchestration","9","0.5","4.5"
"MVP_Robustness","10","0","0"
"Prod_KiteIntegr","10","0","0"
"Prod_OrderPath","15","0","0"
"Prod_Monitoring","15","0","0"
"Prod_CostLatency","10","0","0"
"Modeling_Validation","50","0.1","5"
