﻿"name","bytes","last_write_utc"
"portfolioV2_AXISBANK_NS-BHARTIARTL_NS-HDFCBANK_NS-ICICIBANK_NS-INFY_NS-ITC_NS-LT_NS-RELIANCE_NS-SBIN_NS-TCS_NS_L126_K4_MH20_CAP1.00_MIN0.00_CASH0.00_RBME_C10_FEE0_VT0_TB0.00_tearsheet.png","89940","2025-10-23T16:06:38.5506454Z"
"portfolioV2_AXISBANK_NS-BHARTIARTL_NS-HDFCBANK_NS-ICICIBANK_NS-INFY_NS-ITC_NS-LT_NS-RELIANCE_NS-SBIN_NS-TCS_NS_L126_K4_MH20_CAP1.00_MIN0.00_CASH0.00_RBME_C10_FEE0_VT0_TB0.00_tearsheet.csv","278179","2025-10-23T16:06:38.2391053Z"
"portfolioV2_AXISBANK_NS-BHARTIARTL_NS-HDFCBANK_NS-ICICIBANK_NS-INFY_NS-ITC_NS-LT_NS-RELIANCE_NS-SBIN_NS-TCS_NS_L126_K4_MH20_CAP1.00_MIN0.00_CASH0.00_RBME_C10_FEE0_VT0_TB0.00.png","71811","2025-10-23T16:03:57.4098303Z"
"portfolioV2_AXISBANK_NS-BHARTIARTL_NS-HDFCBANK_NS-ICICIBANK_NS-INFY_NS-ITC_NS-LT_NS-RELIANCE_NS-SBIN_NS-TCS_NS_L126_K4_MH20_CAP1.00_MIN0.00_CASH0.00_RBME_C10_FEE0_VT0_TB0.00_trades.csv","79642","2025-10-23T16:03:57.2548162Z"
"portfolioV2_AXISBANK_NS-BHARTIARTL_NS-HDFCBANK_NS-ICICIBANK_NS-INFY_NS-ITC_NS-LT_NS-RELIANCE_NS-SBIN_NS-TCS_NS_L126_K4_MH20_CAP1.00_MIN0.00_CASH0.00_RBME_C10_FEE0_VT0_TB0.00_weights.csv","272343","2025-10-23T16:03:57.2388959Z"
"portfolioV2_AXISBANK_NS-BHARTIARTL_NS-HDFCBANK_NS-ICICIBANK_NS-INFY_NS-ITC_NS-LT_NS-RELIANCE_NS-SBIN_NS-TCS_NS_L126_K4_MH20_CAP1.00_MIN0.00_CASH0.00_RBME_C10_FEE0_VT0_TB0.00.csv","139743","2025-10-23T16:03:57.2069821Z"
"pilot_pilot_v1_L252_K30_ME_C15_F75_VT12_TB0.15.png","56976","2025-10-21T08:38:54.9473341Z"
"pilot_pilot_v1_L252_K30_ME_C15_F75_VT12_TB0.15.csv","133924","2025-10-21T08:38:53.4717405Z"
"portfolioV2_RELIANCE_NS-HDFCBANK_NS-INFY_NS-ICICIBANK_NS-TCS_NS-AXISBANK_NS-LT_NS-SBIN_NS-BHARTIARTL_NS-ITC_NS_L252_K6_MH6_CAP0.20_MIN0.03_CASH0.05_RBQE_C15_FEE75_VT12_TB0.15.png","109389","2025-10-21T07:25:37.5027458Z"
"portfolioV2_RELIANCE_NS-HDFCBANK_NS-INFY_NS-ICICIBANK_NS-TCS_NS-AXISBANK_NS-LT_NS-SBIN_NS-BHARTIARTL_NS-ITC_NS_L252_K6_MH6_CAP0.20_MIN0.03_CASH0.05_RBQE_C15_FEE75_VT12_TB0.15_trades.csv","33734","2025-10-21T07:25:37.2776970Z"
"portfolioV2_RELIANCE_NS-HDFCBANK_NS-INFY_NS-ICICIBANK_NS-TCS_NS-AXISBANK_NS-LT_NS-SBIN_NS-BHARTIARTL_NS-ITC_NS_L252_K6_MH6_CAP0.20_MIN0.03_CASH0.05_RBQE_C15_FEE75_VT12_TB0.15_weights.csv","272139","2025-10-21T07:25:37.2616148Z"
"portfolioV2_RELIANCE_NS-HDFCBANK_NS-INFY_NS-ICICIBANK_NS-TCS_NS-AXISBANK_NS-LT_NS-SBIN_NS-BHARTIARTL_NS-ITC_NS_L252_K6_MH6_CAP0.20_MIN0.03_CASH0.05_RBQE_C15_FEE75_VT12_TB0.15.csv","139779","2025-10-21T07:25:37.2295038Z"
"portfolioV2_RELIANCE_NS-HDFCBANK_NS-INFY_NS-ICICIBANK_NS-TCS_NS_L126_K4_MH3_CAP0.30_MIN0.05_CASH0.10_RBWE_C10_FEE50_VT0_TB0.25.png","102820","2025-10-21T07:23:06.7024507Z"
"portfolioV2_RELIANCE_NS-HDFCBANK_NS-INFY_NS-ICICIBANK_NS-TCS_NS_L126_K4_MH3_CAP0.30_MIN0.05_CASH0.10_RBWE_C10_FEE50_VT0_TB0.25_trades.csv","235306","2025-10-21T07:23:06.5116361Z"
"portfolioV2_RELIANCE_NS-HDFCBANK_NS-INFY_NS-ICICIBANK_NS-TCS_NS_L126_K4_MH3_CAP0.30_MIN0.05_CASH0.10_RBWE_C10_FEE50_VT0_TB0.25_weights.csv","152077","2025-10-21T07:23:06.4954752Z"
"portfolioV2_RELIANCE_NS-HDFCBANK_NS-INFY_NS-ICICIBANK_NS-TCS_NS_L126_K4_MH3_CAP0.30_MIN0.05_CASH0.10_RBWE_C10_FEE50_VT0_TB0.25.csv","139695","2025-10-21T07:23:06.4634420Z"
"portfolioV2_RELIANCE_NS-HDFCBANK_NS-INFY_NS-ICICIBANK_NS-TCS_NS_L126_K4_MH0_CAP1.00_MIN0.00_CASH0.00_RBME_C10_FEE0_VT0_TB0.00.png","73434","2025-10-21T07:21:53.2250350Z"
"portfolioV2_RELIANCE_NS-HDFCBANK_NS-INFY_NS-ICICIBANK_NS-TCS_NS_L126_K4_MH0_CAP1.00_MIN0.00_CASH0.00_RBME_C10_FEE0_VT0_TB0.00_trades.csv","40387","2025-10-21T07:21:53.0585200Z"
"portfolioV2_RELIANCE_NS-HDFCBANK_NS-INFY_NS-ICICIBANK_NS-TCS_NS_L126_K4_MH0_CAP1.00_MIN0.00_CASH0.00_RBME_C10_FEE0_VT0_TB0.00_weights.csv","152077","2025-10-21T07:21:53.0525125Z"
"portfolioV2_RELIANCE_NS-HDFCBANK_NS-INFY_NS-ICICIBANK_NS-TCS_NS_L126_K4_MH0_CAP1.00_MIN0.00_CASH0.00_RBME_C10_FEE0_VT0_TB0.00.csv","139592","2025-10-21T07:21:53.0307546Z"
"portfolioV2_RELIANCE_NS-HDFCBANK_NS-INFY_NS-ICICIBANK_NS-TCS_NS_L126_K4_C10_VT0_TB0.00.png","96890","2025-10-21T07:09:30.1954301Z"
"portfolioV2_RELIANCE_NS-HDFCBANK_NS-INFY_NS-ICICIBANK_NS-TCS_NS_L126_K4_C10_VT0_TB0.00_weights.csv","152077","2025-10-21T07:09:29.8981298Z"
"portfolioV2_RELIANCE_NS-HDFCBANK_NS-INFY_NS-ICICIBANK_NS-TCS_NS_L126_K4_C10_VT0_TB0.00_trades.csv","40385","2025-10-21T07:09:29.8981298Z"
"portfolioV2_RELIANCE_NS-HDFCBANK_NS-INFY_NS-ICICIBANK_NS-TCS_NS_L126_K4_C10_VT0_TB0.00.csv","139592","2025-10-21T07:09:29.8662338Z"
"portfolioV2_RELIANCE_NS-HDFCBANK_NS-INFY_NS-ICICIBANK_NS-TCS_NS_L126_K4_C10_VT12_TB0.25.png","62692","2025-10-21T06:20:21.9092740Z"
"portfolioV2_RELIANCE_NS-HDFCBANK_NS-INFY_NS-ICICIBANK_NS-TCS_NS_L126_K4_C10_VT12_TB0.25.csv","139653","2025-10-21T06:20:21.7526733Z"
"portfolioV2_RELIANCE_NS-HDFCBANK_NS-INFY_NS-ICICIBANK_NS-TCS_NS_L63_K2_C10_VT0_TB0.00.png","68477","2025-10-21T06:20:08.6454969Z"
"portfolioV2_RELIANCE_NS-HDFCBANK_NS-INFY_NS-ICICIBANK_NS-TCS_NS_L63_K2_C10_VT0_TB0.00.csv","139789","2025-10-21T06:20:08.4860150Z"
"portfolioV2_HDFCBANK_NS-ICICIBANK_NS-INFY_NS-RELIANCE_NS-TCS_NS_L126_K4_C10_VT12_TB0.25.png","62697","2025-10-21T05:58:54.7120149Z"
"portfolioV2_HDFCBANK_NS-ICICIBANK_NS-INFY_NS-RELIANCE_NS-TCS_NS_L126_K4_C10_VT12_TB0.25.csv","139653","2025-10-21T05:58:54.5217645Z"
"portfolioV2_HDFCBANK_NS-ICICIBANK_NS-INFY_NS-RELIANCE_NS-TCS_NS_L126_K4_C10_VT12_TB0.00.png","62641","2025-10-21T05:58:52.0588685Z"
"portfolioV2_HDFCBANK_NS-ICICIBANK_NS-INFY_NS-RELIANCE_NS-TCS_NS_L126_K4_C10_VT12_TB0.00.csv","139653","2025-10-21T05:58:51.8926508Z"
"portfolioV2_HDFCBANK_NS-ICICIBANK_NS-INFY_NS-RELIANCE_NS-TCS_NS_L126_K4_C10_VT0_TB0.00.png","58702","2025-10-21T05:54:43.1613475Z"
"portfolioV2_HDFCBANK_NS-ICICIBANK_NS-INFY_NS-RELIANCE_NS-TCS_NS_L126_K4_C10_VT0_TB0.00.csv","139592","2025-10-21T05:54:42.8579327Z"
"portfolioV2_RELIANCE_NS-HDFCBANK_NS-INFY_NS_L126_K2_C10_VT0_TB0.00.png","70714","2025-10-20T16:57:15.6682440Z"
"portfolioV2_RELIANCE_NS-HDFCBANK_NS-INFY_NS_L126_K2_C10_VT0_TB0.00.csv","113939","2025-10-20T16:57:15.4599472Z"
