﻿{
    "total":  163,
    "completed":  0,
    "remaining":  163,
    "rows":  [
                 {
                     "task":  "Pilot_DataLayer",
                     "planned_hours":  5,
                     "credited_fraction":  0,
                     "credited_hours":  0
                 },
                 {
                     "task":  "Pilot_Factors",
                     "planned_hours":  7,
                     "credited_fraction":  0,
                     "credited_hours":  0
                 },
                 {
                     "task":  "Pilot_Portfolio",
                     "planned_hours":  5,
                     "credited_fraction":  0,
                     "credited_hours":  0
                 },
                 {
                     "task":  "Pilot_EvalPack",
                     "planned_hours":  7,
                     "credited_fraction":  0,
                     "credited_hours":  0
                 },
                 {
                     "task":  "Pilot_TestsDocs",
                     "planned_hours":  4,
                     "credited_fraction":  0,
                     "credited_hours":  0
                 },
                 {
                     "task":  "MVP_LiveAdapters",
                     "planned_hours":  9,
                     "credited_fraction":  0,
                     "credited_hours":  0
                 },
                 {
                     "task":  "MVP_UniverseBuilder",
                     "planned_hours":  7,
                     "credited_fraction":  0,
                     "credited_hours":  0
                 },
                 {
                     "task":  "MVP_Orchestration",
                     "planned_hours":  9,
                     "credited_fraction":  0,
                     "credited_hours":  0
                 },
                 {
                     "task":  "MVP_Robustness",
                     "planned_hours":  10,
                     "credited_fraction":  0,
                     "credited_hours":  0
                 },
                 {
                     "task":  "Prod_KiteIntegr",
                     "planned_hours":  10,
                     "credited_fraction":  0,
                     "credited_hours":  0
                 },
                 {
                     "task":  "Prod_OrderPath",
                     "planned_hours":  15,
                     "credited_fraction":  0,
                     "credited_hours":  0
                 },
                 {
                     "task":  "Prod_Monitoring",
                     "planned_hours":  15,
                     "credited_fraction":  0,
                     "credited_hours":  0
                 },
                 {
                     "task":  "Prod_CostLatency",
                     "planned_hours":  10,
                     "credited_fraction":  0,
                     "credited_hours":  0
                 },
                 {
                     "task":  "Modeling_Validation",
                     "planned_hours":  50,
                     "credited_fraction":  0,
                     "credited_hours":  0
                 }
             ]
}
