﻿"FullName","Name"
"F:\Projects\trading_stack_py\.github",".github"
"F:\Projects\trading_stack_py\.ruff_cache",".ruff_cache"
"F:\Projects\trading_stack_py\.venv",".venv"
"F:\Projects\trading_stack_py\.venv-smoke",".venv-smoke"
"F:\Projects\trading_stack_py\.venv-test",".venv-test"
"F:\Projects\trading_stack_py\.vscode",".vscode"
"F:\Projects\trading_stack_py\app","app"
"F:\Projects\trading_stack_py\config","config"
"F:\Projects\trading_stack_py\data","data"
"F:\Projects\trading_stack_py\data_synth","data_synth"
"F:\Projects\trading_stack_py\dist","dist"
"F:\Projects\trading_stack_py\docs","docs"
"F:\Projects\trading_stack_py\econo","econo"
"F:\Projects\trading_stack_py\pipelines","pipelines"
"F:\Projects\trading_stack_py\pricing","pricing"
"F:\Projects\trading_stack_py\reports","reports"
"F:\Projects\trading_stack_py\reports_archive","reports_archive"
"F:\Projects\trading_stack_py\scripts","scripts"
"F:\Projects\trading_stack_py\src","src"
"F:\Projects\trading_stack_py\tests","tests"
"F:\Projects\trading_stack_py\tools","tools"
