﻿"task","planned_hours","credited_fraction","credited_hours"
"Pilot_DataLayer","5","0","0"
"Pilot_Factors","7","0","0"
"Pilot_Portfolio","5","0","0"
"Pilot_EvalPack","7","0","0"
"Pilot_TestsDocs","4","0","0"
"MVP_LiveAdapters","9","0","0"
"MVP_UniverseBuilder","7","0","0"
"MVP_Orchestration","9","0","0"
"MVP_Robustness","10","0","0"
"Prod_KiteIntegr","10","0","0"
"Prod_OrderPath","15","0","0"
"Prod_Monitoring","15","0","0"
"Prod_CostLatency","10","0","0"
"Modeling_Validation","50","0","0"
