date,strategy
2018-10-19,0.0
2018-10-22,0.0
2018-10-23,0.0
2018-10-24,0.0
2018-10-25,0.0
2018-10-26,0.0
2018-10-29,0.0
2018-10-30,0.0
2018-10-31,0.0
2018-11-01,0.0
2018-11-02,0.0
2018-11-05,0.0
2018-11-06,0.0
2018-11-07,0.0
2018-11-08,0.0
2018-11-09,0.0
2018-11-12,0.0
2018-11-13,0.0
2018-11-14,0.0
2018-11-15,0.0
2018-11-16,0.0
2018-11-19,0.0
2018-11-20,0.0
2018-11-21,0.0
2018-11-22,0.0
2018-11-23,0.0
2018-11-26,0.0
2018-11-27,0.0
2018-11-28,0.0
2018-11-29,0.0
2018-11-30,0.0
2018-12-03,0.0
2018-12-04,0.0
2018-12-05,0.0
2018-12-06,0.0
2018-12-07,0.0
2018-12-10,0.0
2018-12-11,0.0
2018-12-12,0.0
2018-12-13,0.0
2018-12-14,0.0
2018-12-17,0.0
2018-12-18,0.0
2018-12-19,0.0
2018-12-20,0.0
2018-12-21,0.0
2018-12-24,0.0
2018-12-25,0.0
2018-12-26,0.0
2018-12-27,0.0
2018-12-28,0.0
2018-12-31,0.0
2019-01-01,0.0
2019-01-02,0.0
2019-01-03,0.0
2019-01-04,0.0
2019-01-07,0.0
2019-01-08,0.0
2019-01-09,0.0
2019-01-10,0.0
2019-01-11,0.0
2019-01-14,0.0
2019-01-15,0.0
2019-01-16,0.0
2019-01-17,0.0
2019-01-18,0.0
2019-01-21,0.0
2019-01-22,0.0
2019-01-23,0.0
2019-01-24,0.0
2019-01-25,0.0
2019-01-28,0.0
2019-01-29,0.0
2019-01-30,0.0
2019-01-31,0.0
2019-02-01,0.0
2019-02-04,0.0
2019-02-05,0.0
2019-02-06,0.0
2019-02-07,0.0
2019-02-08,0.0
2019-02-11,0.0
2019-02-12,0.0
2019-02-13,0.0
2019-02-14,0.0
2019-02-15,0.0
2019-02-18,0.0
2019-02-19,0.0
2019-02-20,0.0
2019-02-21,0.0
2019-02-22,0.0
2019-02-25,0.0
2019-02-26,0.0
2019-02-27,0.0
2019-02-28,0.0
2019-03-01,0.0
2019-03-04,0.0
2019-03-05,0.0
2019-03-06,0.0
2019-03-07,0.0
2019-03-08,0.0
2019-03-11,0.0
2019-03-12,0.0
2019-03-13,0.0
2019-03-14,0.0
2019-03-15,0.0
2019-03-18,0.0
2019-03-19,0.0
2019-03-20,0.0
2019-03-21,0.0
2019-03-22,0.0
2019-03-25,0.0
2019-03-26,0.0
2019-03-27,0.0
2019-03-28,0.0
2019-03-29,0.0
2019-04-01,0.0
2019-04-02,0.0
2019-04-03,0.0
2019-04-04,0.0
2019-04-05,0.0
2019-04-08,0.0
2019-04-09,0.0
2019-04-10,0.0
2019-04-11,0.0
2019-04-12,0.0
2019-04-15,0.0
2019-04-16,0.0
2019-04-17,0.0
2019-04-18,0.0
2019-04-19,0.0
2019-04-22,0.0
2019-04-23,0.0
2019-04-24,0.0
2019-04-25,0.0
2019-04-26,0.0
2019-04-29,0.0
2019-04-30,0.0
2019-05-01,0.0
2019-05-02,0.0
2019-05-03,0.0
2019-05-06,0.0
2019-05-07,0.0
2019-05-08,0.0
2019-05-09,0.0
2019-05-10,0.0
2019-05-13,0.0
2019-05-14,0.0
2019-05-15,0.0
2019-05-16,0.0
2019-05-17,0.0
2019-05-20,0.0
2019-05-21,0.0
2019-05-22,0.0
2019-05-23,0.0
2019-05-24,0.0
2019-05-27,0.0
2019-05-28,0.0
2019-05-29,0.0
2019-05-30,0.0
2019-05-31,0.0
2019-06-03,0.0
2019-06-04,0.0
2019-06-05,0.0
2019-06-06,0.0
2019-06-07,0.0
2019-06-10,0.0
2019-06-11,0.0
2019-06-12,0.0
2019-06-13,0.0
2019-06-14,0.0
2019-06-17,0.0
2019-06-18,0.0
2019-06-19,0.0
2019-06-20,0.0
2019-06-21,0.0
2019-06-24,0.0
2019-06-25,0.0
2019-06-26,0.0
2019-06-27,0.0
2019-06-28,0.0
2019-07-01,0.0
2019-07-02,0.0
2019-07-03,0.0
2019-07-04,0.0
2019-07-05,0.0
2019-07-08,0.0
2019-07-09,0.0
2019-07-10,0.0
2019-07-11,0.0
2019-07-12,0.0
2019-07-15,0.0
2019-07-16,0.0
2019-07-17,0.0
2019-07-18,0.0
2019-07-19,0.0
2019-07-22,0.0
2019-07-23,0.0
2019-07-24,0.0
2019-07-25,0.0
2019-07-26,0.0
2019-07-29,0.0
2019-07-30,0.0
2019-07-31,0.0
2019-08-01,0.0
2019-08-02,0.0
2019-08-05,0.0
2019-08-06,0.0
2019-08-07,0.0
2019-08-08,0.0
2019-08-09,0.0
2019-08-12,0.0
2019-08-13,0.0
2019-08-14,0.0
2019-08-15,0.0
2019-08-16,0.0
2019-08-19,0.0
2019-08-20,0.0
2019-08-21,0.0
2019-08-22,0.0
2019-08-23,0.0
2019-08-26,0.0
2019-08-27,0.0
2019-08-28,0.0
2019-08-29,0.0
2019-08-30,0.0
2019-09-02,0.0
2019-09-03,0.0
2019-09-04,0.0
2019-09-05,0.0
2019-09-06,0.0
2019-09-09,0.0
2019-09-10,0.0
2019-09-11,0.0
2019-09-12,0.0
2019-09-13,0.0
2019-09-16,0.0
2019-09-17,0.0
2019-09-18,0.0
2019-09-19,0.0
2019-09-20,0.0
2019-09-23,0.0
2019-09-24,0.0
2019-09-25,0.0
2019-09-26,0.0
2019-09-27,0.0
2019-09-30,0.0
2019-10-01,0.0
2019-10-02,0.0
2019-10-03,0.0
2019-10-04,0.0
2019-10-07,0.0
2019-10-08,0.0
2019-10-09,0.0
2019-10-10,0.0
2019-10-11,0.0
2019-10-14,0.0
2019-10-15,0.0
2019-10-16,0.0
2019-10-17,0.0
2019-10-18,0.0
2019-10-21,0.0
2019-10-22,0.0
2019-10-23,0.0
2019-10-24,0.0
2019-10-25,0.0
2019-10-28,0.0
2019-10-29,0.0
2019-10-30,0.0
2019-10-31,0.001246311859829041
2019-11-01,-0.002639326550646337
2019-11-04,0.007174111135535588
2019-11-05,0.0013297421458228656
2019-11-06,-0.00292154875537356
2019-11-07,-0.0060657407190676475
2019-11-08,0.003497537036169374
2019-11-11,0.00018585421200623098
2019-11-12,-0.006662189347416381
2019-11-13,-0.004545344411198493
2019-11-14,0.0015756040822820561
2019-11-15,0.005030477822831814
2019-11-18,0.004646251242659249
2019-11-19,-0.000995254102260135
2019-11-20,0.003954087160988595
2019-11-21,-0.0008907295834826856
2019-11-22,-0.00414843370950122
2019-11-25,0.0028957942541341097
2019-11-26,0.004808424004631551
2019-11-27,0.007965540550443939
2019-11-28,-0.003797003412649569
2019-11-29,-0.002065444850377429
2019-12-02,7.656453376496701e-05
2019-12-03,0.006990166598919956
2019-12-04,-0.0010406603021416046
2019-12-05,-0.0032673767236311105
2019-12-06,-0.005972115879351025
2019-12-09,0.0031589454462080955
2019-12-10,-0.0031036621026480082
2019-12-11,0.001383416646292246
2019-12-12,0.007266565583492124
2019-12-13,0.010082503586384985
2019-12-16,0.006788849543941678
2019-12-17,-0.0039204018184825
2019-12-18,0.000644659002028258
2019-12-19,0.00441381273067476
2019-12-20,0.006089209457504997
2019-12-23,0.002019154739664453
2019-12-24,0.007895854942023207
2019-12-25,0.005432067506359006
2019-12-26,0.003442384539364318
2019-12-27,-0.001795229744894899
2019-12-30,-0.002188122612757914
2019-12-31,-6.257606321911078e-05
2020-01-01,-0.001708420402057187
2020-01-02,0.006267251933900609
2020-01-03,0.0061324134729426215
2020-01-06,0.003994468400066099
2020-01-07,-0.0027009793945733437
2020-01-08,0.0012558024395162189
2020-01-09,-0.0017842001146956446
2020-01-10,0.0004805950019363348
2020-01-13,0.003969337095325743
2020-01-14,0.0048279900214519555
2020-01-15,0.00033215945907236763
2020-01-16,0.00495583994706288
2020-01-17,-0.002501249018268825
2020-01-20,-0.007438084663991984
2020-01-21,-0.0016851075134067363
2020-01-22,0.0037541996176496673
2020-01-23,-0.009027453477044013
2020-01-24,0.003444255471436097
2020-01-27,-0.0023946569816661874
2020-01-28,-0.0008981154918317637
2020-01-29,0.00210489465835364
2020-01-30,-0.0010912871702991158
2020-01-31,0.0002974091508952004
2020-02-03,0.0013062266831595389
2020-02-04,-0.0029072548999077965
2020-02-05,0.0004924298085591475
2020-02-06,-0.004133028254339121
2020-02-07,0.004816422666644393
2020-02-10,-0.006227636388317226
2020-02-11,-0.008407463820356686
2020-02-12,-0.00594506722245316
2020-02-13,0.002504862134229224
2020-02-14,0.005935954544809263
2020-02-17,0.002301080479798157
2020-02-18,-0.006993537012168183
2020-02-19,-0.0018762983354354559
2020-02-20,0.009116728167360888
2020-02-21,0.0042170292336285884
2020-02-24,0.0009036421071490829
2020-02-25,-0.003147162486784639
2020-02-26,-0.009155596476734008
2020-02-27,0.004854626168400756
2020-02-28,0.002341302069826879
2020-03-02,-0.003345200933873138
2020-03-03,0.007436289355881232
2020-03-04,-0.002262096657398782
2020-03-05,-0.001853798633772752
2020-03-06,-0.000808691975681564
2020-03-09,-0.006275644138537184
2020-03-10,0.0006483969558121359
2020-03-11,-0.0062118718534208035
2020-03-12,0.001081562337208797
2020-03-13,0.00035489902064234145
2020-03-16,3.89307632656213e-05
2020-03-17,0.00031065069787181675
2020-03-18,0.001895023458559297
2020-03-19,0.0014684818699943094
2020-03-20,-0.0010712144487410751
2020-03-23,-0.0008868766316604273
2020-03-24,-0.0070091921003657244
2020-03-25,0.006537751723198237
2020-03-26,-0.0019297289008081808
2020-03-27,-0.0022843203613982736
2020-03-30,0.0027607703165908105
2020-03-31,-0.0032487028626556388
2020-04-01,0.002526371104832559
2020-04-02,-0.003459376243654155
2020-04-03,0.0038221607742469966
2020-04-06,0.003861045134183749
2020-04-07,0.0006492590721733913
2020-04-08,0.001144728802479933
2020-04-09,0.003860237682280076
2020-04-10,-0.005183537056512578
2020-04-13,-0.00042181088368784545
2020-04-14,0.0021542341469518826
2020-04-15,0.00036511856046594925
2020-04-16,-0.00034257905327743636
2020-04-17,0.004710698184212214
2020-04-20,-0.0035863678610586376
2020-04-21,-0.0024508866847497094
2020-04-22,0.007583301161703783
2020-04-23,0.005740509910508606
2020-04-24,0.002820872818529452
2020-04-27,0.0026853091995345585
2020-04-28,0.011066493239292806
2020-04-29,0.0006616731107377712
2020-04-30,-0.004377423150152371
2020-05-01,-0.001268345374715807
2020-05-04,-0.005490451028483223
2020-05-05,0.0027829704396779903
2020-05-06,0.0005503116279828467
2020-05-07,-0.004658116647095589
2020-05-08,-0.0004390099173125165
2020-05-11,-0.007333584938008531
2020-05-12,-0.004650144051719307
2020-05-13,-0.004969241538588331
2020-05-14,-0.0036708948819330622
2020-05-15,0.0010587325572389175
2020-05-18,0.0050920067677861615
2020-05-19,-0.003824395747002619
2020-05-20,-0.0020733161256029087
2020-05-21,0.0021749237007863804
2020-05-22,-0.0007500095745859082
2020-05-25,0.0005952690688929118
2020-05-26,0.0015183847495006345
2020-05-27,-0.005171745825960406
2020-05-28,-0.007255731234144225
2020-05-29,-6.069539482995707e-05
2020-06-01,-0.005419762873252609
2020-06-02,0.0012685554831331162
2020-06-03,-5.2076838179582064e-05
2020-06-04,0.0019165409888339596
2020-06-05,-0.0071580842597341885
2020-06-08,0.008425028421799619
2020-06-09,-0.0035484874462886843
2020-06-10,0.008291973910831852
2020-06-11,-0.0030981421438968093
2020-06-12,-0.0007390007022997965
2020-06-15,0.008545633982307212
2020-06-16,-3.8444013212912426e-05
2020-06-17,-0.0025731699713699156
2020-06-18,0.0027930263370794513
2020-06-19,0.009724162900550316
2020-06-22,0.002240320764021209
2020-06-23,0.0031533501041342447
2020-06-24,-0.0026112233357521884
2020-06-25,0.002859506495409692
2020-06-26,0.0037459537156957485
2020-06-29,-0.004357855469785532
2020-06-30,-0.0018387057742095263
2020-07-01,-0.0011194085607209693
2020-07-02,-0.0016152311815399892
2020-07-03,-0.002485089611096636
2020-07-06,0.002880868005830206
2020-07-07,0.002255532293303752
2020-07-08,-0.004708148807159574
2020-07-09,0.00017465587543685757
2020-07-10,-0.0003297680164067397
2020-07-13,-0.0023261626960058065
2020-07-14,0.00019649327444089
2020-07-15,-0.0006037914216752145
2020-07-16,-0.01308935865906147
2020-07-17,-0.0013329219577917324
2020-07-20,0.0005242338663268733
2020-07-21,-0.004332211616002812
2020-07-22,0.004260863061791009
2020-07-23,-0.00905055203521441
2020-07-24,0.005793364387062017
2020-07-27,0.00010377758520230279
2020-07-28,-0.003797940608220007
2020-07-29,-0.0020264854231692104
2020-07-30,0.003211580655407987
2020-07-31,0.007248144748653253
2020-08-03,0.005993792904760875
2020-08-04,0.0009653895978443793
2020-08-05,-0.0006925373236658311
2020-08-06,0.004249528915464818
2020-08-07,0.005442009585356412
2020-08-10,-0.0033781119291225402
2020-08-11,-0.0053794825727319084
2020-08-12,0.0034363212233877284
2020-08-13,0.002167791680989394
2020-08-14,-0.0024733502194171694
2020-08-17,-0.004480221992512879
2020-08-18,-0.004560698981077538
2020-08-19,0.009947143893445042
2020-08-20,0.001883266148945917
2020-08-21,-0.0007982583165168306
2020-08-24,2.4777810068022017e-05
2020-08-25,0.0051089710719883115
2020-08-26,0.007488495838703103
2020-08-27,-0.0015971824000656333
2020-08-28,0.0012317017813280315
2020-08-31,0.008370821587864709
2020-09-01,0.004904821984889818
2020-09-02,0.0015397498068429715
2020-09-03,-0.0010136147757179971
2020-09-04,-0.00891564421200719
2020-09-07,0.0017475499516362402
2020-09-08,-0.0012343672567498355
2020-09-09,0.0003698485424977302
2020-09-10,-0.0059175377851964145
2020-09-11,0.0012986975920225245
2020-09-14,0.0019958039269913023
2020-09-15,-0.0007172610092389233
2020-09-16,2.5258893721691062e-05
2020-09-17,0.0014187124470441239
2020-09-18,0.0007554311558638505
2020-09-21,6.6303139417401e-05
2020-09-22,7.668161593894491e-05
2020-09-23,-0.0017439920351234096
2020-09-24,-0.00289042494134808
2020-09-25,0.0002701709011013963
2020-09-28,0.005389861348600156
2020-09-29,0.00024777201421359856
2020-09-30,0.002361751412927715
2020-10-01,-0.001933760156630871
2020-10-02,0.0008322482090074026
2020-10-05,0.007907881160963684
2020-10-06,-0.005407002078230328
2020-10-07,-0.006482558618568501
2020-10-08,-0.0038683855935626177
2020-10-09,0.005663000233589455
2020-10-12,-0.00010626824505111072
2020-10-13,-0.004446139919188297
2020-10-14,-0.00297883438753388
2020-10-15,-0.005957441522494955
2020-10-16,-0.003928996674906204
2020-10-19,0.003827222422661714
2020-10-20,0.004508388630522343
2020-10-21,-0.0071740822076406426
2020-10-22,0.0015297679162602053
2020-10-23,-0.0012847635163511838
2020-10-26,0.001788864727719619
2020-10-27,0.002398783226281154
2020-10-28,-0.0096500036830385
2020-10-29,-0.0010023038471709492
2020-10-30,-0.004997741992365379
2020-11-02,0.005051839970970807
2020-11-03,0.0007992229156591477
2020-11-04,-0.00500525858041947
2020-11-05,-0.00941783863394643
2020-11-06,0.003694673469914079
2020-11-09,-0.0035481147552813177
2020-11-10,-0.0002530524480423681
2020-11-11,-0.0003938638098037741
2020-11-12,0.006145508641104348
2020-11-13,-0.007649936941116709
2020-11-16,-0.005323435042398584
2020-11-17,0.0028642968888257458
2020-11-18,-0.004616196584161325
2020-11-19,-0.006621429477284835
2020-11-20,0.0031703818033698376
2020-11-23,-0.005922448672112312
2020-11-24,-0.002164934088165782
2020-11-25,0.006145138210258549
2020-11-26,0.004702259167402701
2020-11-27,-0.002072723743756533
2020-11-30,-0.006393224613291658
2020-12-01,0.002784496023158467
2020-12-02,0.002475645682071703
2020-12-03,-0.0012351627107414888
2020-12-04,0.005066967552975088
2020-12-07,-0.00626638980392027
2020-12-08,0.0005369995247376027
2020-12-09,0.005223454866316923
2020-12-10,0.003798880569054819
2020-12-11,-0.0029918081096809153
2020-12-14,0.002952653367766357
2020-12-15,0.003816033254007434
2020-12-16,0.002891490694306986
2020-12-17,-0.003999493984372404
2020-12-18,0.0024122642794265348
2020-12-21,0.002110452299071563
2020-12-22,-0.0013089953692740019
2020-12-23,0.000705325131540424
2020-12-24,0.005304804385248318
2020-12-25,-0.004027545946939304
2020-12-28,0.0017076103852083691
2020-12-29,0.0030841002872479934
2020-12-30,0.0015385045754736874
2020-12-31,0.0006850868263065689
2021-01-01,0.0010200300461155718
2021-01-04,-0.004604372816442726
2021-01-05,0.0025595272427261016
2021-01-06,-0.00737574915351571
2021-01-07,-0.00017434108495042447
2021-01-08,0.0019428715254835138
2021-01-11,0.005493331578156192
2021-01-12,0.0074098433465537026
2021-01-13,0.00048786354696379614
2021-01-14,-0.002357007406274603
2021-01-15,0.002759892038852163
2021-01-18,0.0017556985725239336
2021-01-19,0.0033469328948336104
2021-01-20,-0.0009544872395631952
2021-01-21,-0.0019199084759815577
2021-01-22,-0.003806043504798939
2021-01-25,0.001357544962431367
2021-01-26,0.00028408396142138876
2021-01-27,-0.005148828321384347
2021-01-28,-0.004737684790729824
2021-01-29,0.00014820945705753467
2021-02-01,-0.004243940468591179
2021-02-02,-0.003445786011001162
2021-02-03,-0.0022752836150119475
2021-02-04,0.000445717234150034
2021-02-05,-0.0006629433775291014
2021-02-08,-0.0011147944739773319
2021-02-09,0.004789973191740616
2021-02-10,-0.00030474058305391956
2021-02-11,-0.0027038049474318536
2021-02-12,-0.00850085863050476
2021-02-15,0.0008191785829725568
2021-02-16,0.004656331196490182
2021-02-17,0.0014378101421857578
2021-02-18,0.0014460517280579623
2021-02-19,0.006795862069248737
2021-02-22,-0.004833342485272186
2021-02-23,-0.00692305003456073
2021-02-24,0.00046170624699488655
2021-02-25,-6.551305095803283e-05
2021-02-26,-0.0006450676102643271
2021-03-01,0.0047642532323938
2021-03-02,-0.005015628881256485
2021-03-03,0.0034167292720219894
2021-03-04,-0.0006523226508164724
2021-03-05,-0.0004939434288773201
2021-03-08,0.0004383595852327282
2021-03-09,-0.00611762811266916
2021-03-10,-0.008863995816991843
2021-03-11,-0.004533123872297117
2021-03-12,0.001030622950308735
2021-03-15,0.005156350049185243
2021-03-16,0.0035239199440424644
2021-03-17,0.0014340884102909124
2021-03-18,0.0036896965380095017
2021-03-19,-0.003454622838270538
2021-03-22,-0.0013985187364670584
2021-03-23,0.005411302004334639
2021-03-24,-0.004763543917834467
2021-03-25,-0.003768721952859866
2021-03-26,-0.008428450638092857
2021-03-29,-0.005205522251353623
2021-03-30,0.01032510627460128
2021-03-31,-0.0007744282434271493
2021-04-01,-0.009852003350416073
2021-04-02,0.010693864155027577
2021-04-05,-0.003482682592567654
2021-04-06,-0.0038649861702602095
2021-04-07,0.005536969576011597
2021-04-08,0.00048186908884948506
2021-04-09,0.0018783130384441907
2021-04-12,0.0004813750884739232
2021-04-13,-0.0001801829186007574
2021-04-14,0.00012363384663192077
2021-04-15,-0.0030750691681138203
2021-04-16,0.0007418400525175395
2021-04-19,-0.0056929511788407
2021-04-20,0.003577378849765056
2021-04-21,0.0018090833821969412
2021-04-22,-0.002320596466094215
2021-04-23,0.0035621297153770604
2021-04-26,-0.00023989539250886
2021-04-27,0.0009896060248083312
2021-04-28,0.009712040576800154
2021-04-29,0.0013880463426078965
2021-04-30,0.0041453693101593195
2021-05-03,0.004190647977222239
2021-05-04,0.0008289785436613076
2021-05-05,0.0011308468844210664
2021-05-06,0.004122987062640405
2021-05-07,-0.006988956122495971
2021-05-10,0.0036865329856428986
2021-05-11,-0.0032012899743218306
2021-05-12,-0.011216065916790875
2021-05-13,0.008952985309269978
2021-05-14,0.0046896091938516404
2021-05-17,-0.0016565742569342842
2021-05-18,-0.005460569391762405
2021-05-19,-0.0005751230588547651
2021-05-20,0.00023463888108126156
2021-05-21,0.008148768119575168
2021-05-24,0.0036902864473027383
2021-05-25,0.005979714487416366
2021-05-26,-0.003998330045980736
2021-05-27,-0.0014734220515273616
2021-05-28,-0.005778724901296051
2021-05-31,-0.0031586071182517334
2021-06-01,0.004036003508651454
2021-06-02,0.0022319260946275015
2021-06-03,0.013418706528927826
2021-06-04,-0.007557136313987823
2021-06-07,0.004600679048766177
2021-06-08,-0.0035966995893441213
2021-06-09,0.0024595352333073753
2021-06-10,0.002130888386174479
2021-06-11,0.0021740774549229742
2021-06-14,-0.0010088533752105502
2021-06-15,-0.005679183632783503
2021-06-16,-0.002911074798523261
2021-06-17,0.005656147639837129
2021-06-18,6.7392174705261e-05
2021-06-21,0.004828195046431616
2021-06-22,-0.0056551135311533555
2021-06-23,0.00437135739229888
2021-06-24,-0.00720927988201181
2021-06-25,-0.006793349783502968
2021-06-28,0.0006097794087788207
2021-06-29,0.00021285818148366622
2021-06-30,-0.0008047198398316583
2021-07-01,-0.0003824838051174728
2021-07-02,-0.0011722047924710875
2021-07-05,0.007907628923689281
2021-07-06,-0.005193060510356151
2021-07-07,-0.003586344116440565
2021-07-08,0.004486255166739039
2021-07-09,-0.0012980067642476278
2021-07-12,-0.0037575142308768463
2021-07-13,-0.00882392206503153
2021-07-14,-0.005130094843487143
2021-07-15,-0.008372138670640728
2021-07-16,0.006572352474246592
2021-07-19,0.004593343591173981
2021-07-20,-0.007553744582804112
2021-07-21,0.006822273271271696
2021-07-22,0.0012546509504070217
2021-07-23,0.0013625535851620628
2021-07-26,-0.004205038360731783
2021-07-27,0.0024117295205146718
2021-07-28,-0.005249895736687638
2021-07-29,0.004586717975464838
2021-07-30,0.0027089305584075962
2021-08-02,-0.0025646914952258014
2021-08-03,0.00927524503458672
2021-08-04,0.009848561802427436
2021-08-05,-0.00025127436059695345
2021-08-06,0.0028304991246964175
2021-08-09,-0.001234254435872195
2021-08-10,-0.0039802970360504515
2021-08-11,-0.0019478037145352234
2021-08-12,-0.001976625874381277
2021-08-13,-0.0009023654488807375
2021-08-16,0.0007553266338646615
2021-08-17,-0.007761125524136259
2021-08-18,0.0029042046093594514
2021-08-19,0.009459097262163318
2021-08-20,0.00018552256192878609
2021-08-23,-0.0048711746450057275
2021-08-24,-0.0074937733364081275
2021-08-25,0.004167624317257235
2021-08-26,-0.0066455873920094
2021-08-27,0.009716802690388127
2021-08-30,-0.0018926775147659616
2021-08-31,-0.007063634548106813
2021-09-01,-0.0038292849470638497
2021-09-02,-4.481800808824347e-05
2021-09-03,-0.002406083440225637
2021-09-06,0.004369237248035995
2021-09-07,-0.00048729078330844743
2021-09-08,-0.008412844365506045
2021-09-09,-0.002970856494142903
2021-09-10,0.0032738176899553607
2021-09-13,0.0005715059429996178
2021-09-14,0.005966405533716746
2021-09-15,0.0024447678739077053
2021-09-16,0.0036458225450787694
2021-09-17,-0.003200357852839209
2021-09-20,-0.006777655842985687
2021-09-21,-0.0043348640430333155
2021-09-22,0.0006585359935032066
2021-09-23,-0.004794927374565839
2021-09-24,-0.0013415546506845954
2021-09-27,0.0016425206410546562
2021-09-28,0.008399688700714192
2021-09-29,0.0051177782320856804
2021-09-30,-0.003264493098142074
2021-10-01,-0.008475163696512755
2021-10-04,-0.00639214931789085
2021-10-05,-0.0072484440160589525
2021-10-06,0.003003662408313401
2021-10-07,0.00577510838527171
2021-10-08,-0.007203045130644936
2021-10-11,0.0021433687047007766
2021-10-12,-0.0012212759362828954
2021-10-13,-0.0017096282585729705
2021-10-14,0.0025552090979128477
2021-10-15,-0.0011476715721176146
2021-10-18,-0.005754327397184957
2021-10-19,0.00755252752645772
2021-10-20,-0.0035232303081294885
2021-10-21,-0.004245677827363004
2021-10-22,-0.001260017082476961
2021-10-25,0.0033112937788483347
2021-10-26,0.005407675976374016
2021-10-27,-0.00251405408068588
2021-10-28,0.010520237899622998
2021-10-29,-0.004241806925361158
2021-11-01,0.00018672184272872067
2021-11-02,-0.008130136845162284
2021-11-03,-0.0006319953378291386
2021-11-04,-0.003990379719921289
2021-11-05,-0.00839895012307279
2021-11-08,-0.002102018540327677
2021-11-09,0.0022871428757166973
2021-11-10,-0.004399917561969668
2021-11-11,0.005795064392984006
2021-11-12,2.9759033619946966e-05
2021-11-15,-0.0037051186304976956
2021-11-16,-0.004748671008116668
2021-11-17,-0.001539677973176379
2021-11-18,0.007367928715530581
2021-11-19,0.005009249642636782
2021-11-22,0.006365896013764628
2021-11-23,0.005291953172059039
2021-11-24,0.005257360085932916
2021-11-25,-0.003392927449281191
2021-11-26,0.004039144616772639
2021-11-29,0.004608555783445456
2021-11-30,0.00779997955442808
2021-12-01,-0.004736659124573661
2021-12-02,0.0014986927513731762
2021-12-03,-0.003489963245982698
2021-12-06,0.0035432736958422198
2021-12-07,0.0023815062894611216
2021-12-08,-0.0025296243536485404
2021-12-09,-0.001786803592255626
2021-12-10,-0.004267720121981734
2021-12-13,0.006366711997202979
2021-12-14,-0.005194843987646381
2021-12-15,-0.0002476535913039646
2021-12-16,0.0006127403582415044
2021-12-17,-0.005237439773300311
2021-12-20,1.5109321768758143e-05
2021-12-21,0.005625103397881715
2021-12-22,0.005472822842346336
2021-12-23,0.00575723268397097
2021-12-24,0.005911105035666675
2021-12-27,-0.0011400052198188072
2021-12-28,-0.0015476651160833523
2021-12-29,-0.003546716605495703
2021-12-30,0.0006302923903569678
2021-12-31,0.008220863055439365
2022-01-03,0.003096352497368526
2022-01-04,-0.0014245076093974073
2022-01-05,-0.005402570120598482
2022-01-06,0.000131947718174263
2022-01-07,-0.004248919356325341
2022-01-10,0.003802058548961452
2022-01-11,0.007605497658175575
2022-01-12,0.0035481002539464296
2022-01-13,0.0063509143612301205
2022-01-14,0.000933522283159238
2022-01-17,-0.005027833399230741
2022-01-18,-0.0006392762100745798
2022-01-19,0.0021681746226392745
2022-01-20,-0.002760470511340829
2022-01-21,0.003470847674308697
2022-01-24,-0.0050095742560719355
2022-01-25,-0.0003053601167397385
2022-01-26,-0.004069941754135287
2022-01-27,-0.0020417909397406177
2022-01-28,-0.008218497239543422
2022-01-31,0.008439502889446905
2022-02-01,0.0009230813691959441
2022-02-02,-0.007593052929173318
2022-02-03,0.00305385587765914
2022-02-04,0.005015144222869173
2022-02-07,0.0023776953091005247
2022-02-08,0.008301024293641412
2022-02-09,9.422741669198311e-05
2022-02-10,-0.0014837844931802067
2022-02-11,0.004652454458969779
2022-02-14,0.0011284402711980502
2022-02-15,0.002589899230572779
2022-02-16,0.0015597036972567538
2022-02-17,0.0018181745126378604
2022-02-18,0.004130796283776217
2022-02-21,0.012248834413162957
2022-02-22,0.0020983856828085566
2022-02-23,0.016022233685154142
2022-02-24,-0.0017905882088610438
2022-02-25,-0.00025307433392980335
2022-02-28,0.0072589816030951045
2022-03-01,-0.0034896409665805986
2022-03-02,0.014988493706562033
2022-03-03,0.0029104486982879157
2022-03-04,0.00645939376210043
2022-03-07,0.0035462780079276173
2022-03-08,4.601780505806275e-05
2022-03-09,0.0025526321721203176
2022-03-10,0.011504817622821585
2022-03-11,0.0008120375967147985
2022-03-14,0.0017255512897116133
2022-03-15,-0.0007551131719065739
2022-03-16,0.0030590396354760463
2022-03-17,-0.0019060899546005767
2022-03-18,0.0006003287259932046
2022-03-21,0.0045720904849571265
2022-03-22,0.004197027066907589
2022-03-23,0.0039056171823986354
2022-03-24,-0.003155166079161531
2022-03-25,0.005079888783579633
2022-03-28,0.0011284824189671029
2022-03-29,0.0016502661361121225
2022-03-30,-0.0026324196310923537
2022-03-31,-0.0009986195405292885
2022-04-01,0.0012661330807776099
2022-04-04,-0.001084858769316987
2022-04-05,-0.0005306255709703442
2022-04-06,0.004745981069536187
2022-04-07,0.003891590242113341
2022-04-08,-0.006133918999501886
2022-04-11,0.0007017234826806938
2022-04-12,0.0026768216459107648
2022-04-13,-0.0053885475366300065
2022-04-14,0.009280556786795669
2022-04-15,0.0019850132200849527
2022-04-18,-0.005613036337894628
2022-04-19,-0.00011326212135580603
2022-04-20,0.0031961130111326287
2022-04-21,-0.003931346745808506
2022-04-22,0.00028578013370068574
2022-04-25,-0.004362028889134573
2022-04-26,-0.0035778458569663447
2022-04-27,-0.00902078585004944
2022-04-28,0.004710195297444341
2022-04-29,0.002765653854714123
2022-05-02,-0.0041421282703207885
2022-05-03,-0.0012175792248405152
2022-05-04,-0.001904670939913733
2022-05-05,0.003888322386121113
2022-05-06,-0.0015080010934877433
2022-05-09,-0.0002953794778676412
2022-05-10,0.0018897942680536016
2022-05-11,-0.0003001162156272218
2022-05-12,-0.004097203103459113
2022-05-13,-0.0031363870226685186
2022-05-16,0.0016307281804728072
2022-05-17,0.0023749938470490448
2022-05-18,-0.0034438542670190307
2022-05-19,-0.003847493967023019
2022-05-20,-0.0003255017895342771
2022-05-23,-0.003204911544559553
2022-05-24,0.0045387554726168625
2022-05-25,0.007029308466478778
2022-05-26,-0.0012190628217748634
2022-05-27,-0.005446472012034831
2022-05-30,-0.0007307752397340606
2022-05-31,-0.004944782501863166
2022-06-01,0.005890560885432517
2022-06-02,-0.00037111833625893555
2022-06-03,-0.00184770383120989
2022-06-06,-0.000706410169174098
2022-06-07,-0.003692876284516311
2022-06-08,0.001468953896438574
2022-06-09,0.0022760219606230646
2022-06-10,0.007727690923531273
2022-06-13,-0.0003185339514260703
2022-06-14,0.0021986738011185785
2022-06-15,-0.00034674765351512234
2022-06-16,-0.013462836430061234
2022-06-17,-0.0011658572072539288
2022-06-20,0.006460042483335006
2022-06-21,-0.0012761819539082397
2022-06-22,-0.000502091670056104
2022-06-23,-0.0076204753735714895
2022-06-24,0.009088916156103367
2022-06-27,0.00010663646519803961
2022-06-28,-0.005958870642896574
2022-06-29,-0.007195509389938693
2022-06-30,0.00691399127884318
2022-07-01,0.004428113798948675
2022-07-04,0.002181799324435008
2022-07-05,-0.010365221491230914
2022-07-06,-0.0008703484569229539
2022-07-07,0.003888797990201631
2022-07-08,0.007580090593601008
2022-07-11,0.009526852306914302
2022-07-12,0.0038857841808073394
2022-07-13,-0.006669997541496265
2022-07-14,-0.003793772422361186
2022-07-15,-0.0020297731987785725
2022-07-18,-0.004271443753475279
2022-07-19,0.0034585014171934383
2022-07-20,-0.0018236794010539905
2022-07-21,0.0057277980300610935
2022-07-22,0.002100628332032706
2022-07-25,-0.005205753178448069
2022-07-26,-0.0024712912026426674
2022-07-27,-0.002618618721323518
2022-07-28,-1.476714567709707e-05
2022-07-29,-0.0018168622945643918
2022-08-01,-0.0035747070929282427
2022-08-02,-0.00338861671167292
2022-08-03,0.004326380776679861
2022-08-04,-0.001335823264713376
2022-08-05,-0.001442761659887459
2022-08-08,0.001352180864022845
2022-08-09,0.0064713171975349084
2022-08-10,0.0066496689982469045
2022-08-11,0.0013278500573448149
2022-08-12,-0.0002027404463526229
2022-08-15,0.0024998257788597213
2022-08-16,7.07192151855776e-05
2022-08-17,-0.0005586321481842352
2022-08-18,0.0014095470148455472
2022-08-19,0.0009022542046831508
2022-08-22,0.005207267417803041
2022-08-23,0.003614343144640798
2022-08-24,-0.007094652718165319
2022-08-25,1.8787545700904313e-05
2022-08-26,0.0018054878103646477
2022-08-29,-0.0018400132755253206
2022-08-30,0.0017752071281266215
2022-08-31,-0.004089134242885461
2022-09-01,-0.003712214042362683
2022-09-02,-0.004020213940764461
2022-09-05,-0.007742236195201936
2022-09-06,0.00114953169888119
2022-09-07,-0.003695802825300843
2022-09-08,-0.003047202830397988
2022-09-09,0.0014113110212895961
2022-09-12,0.0005268305091529644
2022-09-13,0.004466217391906602
2022-09-14,-0.0007193811913727365
2022-09-15,0.0012037021776535317
2022-09-16,-0.0009431004704803401
2022-09-19,-0.007061815573449981
2022-09-20,-0.0030287877748029993
2022-09-21,0.0037187611888567455
2022-09-22,-6.095881782455228e-05
2022-09-23,-0.004977965316109789
2022-09-26,0.006709285855155112
2022-09-27,0.0032240259666073585
2022-09-28,-0.002450173777890541
2022-09-29,-0.003886144859758112
2022-09-30,0.000441318861523255
2022-10-03,7.667452339297229e-05
2022-10-04,0.0022306200499030877
2022-10-05,-0.0013249038301092364
2022-10-06,-0.006317010954040959
2022-10-07,0.003622717411245713
2022-10-10,0.0072146005543705545
2022-10-11,0.0048791196637723916
2022-10-12,-0.00015783788475001172
2022-10-13,0.0022480178274097984
2022-10-14,0.0028294638555437014
2022-10-17,0.008926969862711754
2022-10-18,-0.00018069608229072105
2022-10-19,0.002322746593079539
2022-10-20,0.010006158450037474
2022-10-21,0.0007313482348371148
2022-10-24,-0.0018796239409426762
2022-10-25,-0.0019928136775084317
2022-10-26,0.006292206337375905
2022-10-27,0.011012555402032475
2022-10-28,-0.003453719868969451
2022-10-31,0.002310598220870319
2022-11-01,-0.0014673742367219194
2022-11-02,-0.0007881015320251093
2022-11-03,0.000489978659749291
2022-11-04,-0.0035712922725252166
2022-11-07,-0.0018835021755719387
2022-11-08,0.007575929705525697
2022-11-09,0.006423056901418556
2022-11-10,0.0015004178721138798
2022-11-11,-0.007629559095751871
2022-11-14,0.0016342000389454998
2022-11-15,0.002475410935362121
2022-11-16,-0.00024298772934783198
2022-11-17,0.003376297986392097
2022-11-18,0.0006044464639956225
2022-11-21,-0.0038183148095092935
2022-11-22,-0.0026092413297773343
2022-11-23,0.0023938367602258422
2022-11-24,0.002889408430321504
2022-11-25,0.00031172404289230265
2022-11-28,0.002349385339110066
2022-11-29,-0.004586980624657901
2022-11-30,0.002527929894009761
2022-12-01,-0.006127246534718634
2022-12-02,0.0028858659393639075
2022-12-05,0.006433592085176533
2022-12-06,0.005373090134266901
2022-12-07,0.00048295632115304935
2022-12-08,0.0071060294474019955
2022-12-09,0.0009625607761881927
2022-12-12,-0.0017770713799877495
2022-12-13,-0.005453431296096546
2022-12-14,-0.0010500234214322782
2022-12-15,-0.004801836264354065
2022-12-16,0.0006633619554476501
2022-12-19,-0.0038898086230968023
2022-12-20,-0.010672113083306978
2022-12-21,-0.0002929704751151397
2022-12-22,-0.0036115199773535393
2022-12-23,0.002687237383545149
2022-12-26,0.0010184241306309574
2022-12-27,0.003373281794392491
2022-12-28,0.008327545714685103
2022-12-29,0.0018288204528796425
2022-12-30,-0.0063131036786089785
2023-01-02,0.0015082200521294496
2023-01-03,0.0012606739695456563
2023-01-04,-0.0005404782118745951
2023-01-05,-0.0010133100719406985
2023-01-06,-0.0025735354886321283
2023-01-09,-0.01200906220820026
2023-01-10,-0.002820514992290346
2023-01-11,-8.516617054099551e-05
2023-01-12,0.00496366410295397
2023-01-13,0.005785119413198637
2023-01-16,0.0012104677684107831
2023-01-17,0.0022884038893662643
2023-01-18,-0.0032897255253312675
2023-01-19,0.004337418472732946
2023-01-20,-0.004688274107914881
2023-01-23,0.0032604487541288973
2023-01-24,0.0010396015086098884
2023-01-25,-0.007348761719978314
2023-01-26,-9.279116059712777e-05
2023-01-27,0.0027697955785679126
2023-01-30,-0.0005558372577268102
2023-01-31,0.0028124451553145804
2023-02-01,-0.006148691739098201
2023-02-02,0.0036235322346237055
2023-02-03,0.000539005530767711
2023-02-06,0.0025583469227220103
2023-02-07,0.007700020982163603
2023-02-08,-0.0032927164733774997
2023-02-09,0.0037663088284698447
2023-02-10,0.004346213789884935
2023-02-13,0.0024376876978444706
2023-02-14,0.0016661392311473565
2023-02-15,-0.0031689465774465296
2023-02-16,-0.0049333296961792126
2023-02-17,-0.002066768606372604
2023-02-20,-0.00435086401706195
2023-02-21,-0.004056397339102236
2023-02-22,-0.0031755871893832666
2023-02-23,-0.0033359004450011385
2023-02-24,0.00032132203030368336
2023-02-27,-0.0020953552818872455
2023-02-28,-0.0025004240770816204
2023-03-01,0.00563502226404613
2023-03-02,-0.002537285172301718
2023-03-03,0.0038093165432692365
2023-03-06,-0.00428879904135433
2023-03-07,0.0014116400946363682
2023-03-08,0.010974237328460168
2023-03-09,-0.0016729457838043477
2023-03-10,0.000937307988982572
2023-03-13,-5.471094511524423e-05
2023-03-14,0.0011445800413867114
2023-03-15,0.003200509183373823
2023-03-16,0.0012955644613882767
2023-03-17,0.0028732931721838777
2023-03-20,-0.008971744675561522
2023-03-21,0.0035146456482974438
2023-03-22,-0.0003207481731164031
2023-03-23,-0.0012460605676396955
2023-03-24,-0.004077352533071377
2023-03-27,0.004012798040648758
2023-03-28,-0.0021550649047556106
2023-03-29,-0.0035381188755254866
2023-03-30,-0.0035669173922108
2023-03-31,-0.0026492296416407816
2023-04-03,0.0001516555637878221
2023-04-04,0.0002667722884591051
2023-04-05,-0.0006956243434856684
2023-04-06,0.002494491347196548
2023-04-07,-0.008267287238759403
2023-04-10,0.012522938207404088
2023-04-11,-0.0066648321555762505
2023-04-12,0.005956372152555046
2023-04-13,0.0017192842269497582
2023-04-14,-0.003170111996519798
2023-04-17,0.0003120195930047087
2023-04-18,0.0035170148434461763
2023-04-19,-0.0015635185564222944
2023-04-20,0.0008854493951220288
2023-04-21,0.004977852560523476
2023-04-24,0.0032536067217684653
2023-04-25,0.0012572054097987227
2023-04-26,-0.0016595028253191036
2023-04-27,-0.0024745199374330623
2023-04-28,-0.004660949580773056
2023-05-01,-0.0022164333626018442
2023-05-02,-0.0015238808551292448
2023-05-03,-0.0016754663996261466
2023-05-04,-0.0007069684171753238
2023-05-05,0.0011639056576592918
2023-05-08,0.0032504158663968045
2023-05-09,0.002470035604137078
2023-05-10,0.002458263229393376
2023-05-11,0.0021009219325496932
2023-05-12,0.0036835498439123262
2023-05-15,-0.0002910119863059667
2023-05-16,-0.009071035121559557
2023-05-17,-0.000579033485999081
2023-05-18,-0.0059274475518241495
2023-05-19,-0.006067985647276753
2023-05-22,0.0009869064480793727
2023-05-23,-0.0017659805968783364
2023-05-24,-0.0025075682003555815
2023-05-25,-0.0027492848304564
2023-05-26,0.0033626436508582772
2023-05-29,-0.002162662850813457
2023-05-30,0.004946000606946277
2023-05-31,-0.002599708795447753
2023-06-01,0.004057595048681973
2023-06-02,-0.0007956060173041514
2023-06-05,0.004833206820950542
2023-06-06,-0.0021711635645517147
2023-06-07,-0.002976358590471584
2023-06-08,0.002245562343771823
2023-06-09,-0.0032358772008979964
2023-06-12,-0.003340982687006977
2023-06-13,0.0021066560543336666
2023-06-14,0.0026921967675218378
2023-06-15,0.0007632474011868948
2023-06-16,0.001276410153962515
2023-06-19,-0.005964018270630734
2023-06-20,-0.009097989833218878
2023-06-21,-0.0013972256581614938
2023-06-22,-0.002326889067309712
2023-06-23,-0.0021285172739977654
2023-06-26,0.002638343143138622
2023-06-27,-0.001465121490977416
2023-06-28,-0.0011174519704748142
2023-06-29,-0.008679792709587809
2023-06-30,-0.0006943780318453773
2023-07-03,-0.0017305293653276487
2023-07-04,0.0010135984685162524
2023-07-05,0.003806536748729928
2023-07-06,0.011428945610003717
2023-07-07,0.004670300990581677
2023-07-10,0.00152802742898619
2023-07-11,-0.000670994151184612
2023-07-12,0.0029650679118695903
2023-07-13,0.0035906673195737595
2023-07-14,-0.00414630674151486
2023-07-17,0.0001382781037270412
2023-07-18,-0.0017674948409243773
2023-07-19,-0.003483414116880179
2023-07-20,0.010360649739583217
2023-07-21,0.004221667371891336
2023-07-24,-0.002417287583182271
2023-07-25,-0.0005682343870490271
2023-07-26,0.009460438796305405
2023-07-27,-0.0030268540356199083
2023-07-28,-0.0008166264929647673
2023-07-31,-0.0010674842958518392
2023-08-01,-0.00038899662730615967
2023-08-02,0.008680249962556586
2023-08-03,-0.005951596357732436
2023-08-04,-0.0021998392548643777
2023-08-07,-0.0016551833461294627
2023-08-08,0.002010629094540972
2023-08-09,-0.0015962255892773226
2023-08-10,-0.0033985492190981683
2023-08-11,0.0004603092884888361
2023-08-14,0.003918961848355208
2023-08-15,0.004758848179395559
2023-08-16,-0.001391680992260436
2023-08-17,-0.0029411639063166017
2023-08-18,-0.0009505215107477262
2023-08-21,0.003934673052328708
2023-08-22,-0.0052101807995437845
2023-08-23,-0.0033486769357812477
2023-08-24,-0.0035664047441177574
2023-08-25,0.0016417919102984292
2023-08-28,-0.0021738227703050677
2023-08-29,-0.00421019568572656
2023-08-30,0.00030779783245082903
2023-08-31,0.009772435393890565
2023-09-01,-0.004171064129771684
2023-09-04,0.0005496899174629811
2023-09-05,0.0047113892363777055
2023-09-06,-0.004250105622564138
2023-09-07,0.0022076801155263004
2023-09-08,0.0006280362269402984
2023-09-11,0.001470476416440691
2023-09-12,0.0011272666118678388
2023-09-13,-0.007704245168928026
2023-09-14,-0.002445577910051777
2023-09-15,0.0003123699307957972
2023-09-18,-0.010520373335211344
2023-09-19,1.7571960322926078e-05
2023-09-20,0.00017889869768923368
2023-09-21,0.0011329308277475028
2023-09-22,-0.0020585023770576024
2023-09-25,-0.005563140473971573
2023-09-26,0.005968265387267891
2023-09-27,-0.005671322069752495
2023-09-28,0.004770671238516556
2023-09-29,-0.0023692426156285643
2023-10-02,0.0004297522213565499
2023-10-03,8.527778067997111e-05
2023-10-04,0.00943322498414223
2023-10-05,0.005702547373748179
2023-10-06,0.007385292769379404
2023-10-09,-0.001226315051141591
2023-10-10,0.0020388888266495543
2023-10-11,-0.00027561323919411684
2023-10-12,-0.010106783934640194
2023-10-13,0.004653980784064493
2023-10-16,0.0064271676467039015
2023-10-17,-0.006153833777205398
2023-10-18,0.005506245117409714
2023-10-19,-0.0034501995695351844
2023-10-20,0.003904808431084028
2023-10-23,0.00078594647580843
2023-10-24,-0.0004494786773369558
2023-10-25,0.0019821806347709585
2023-10-26,0.004461126302156915
2023-10-27,0.00572169889263976
2023-10-30,0.008693832888940257
2023-10-31,0.004876107873475899
2023-11-01,0.010800469250632917
2023-11-02,0.0009944084236009675
2023-11-03,-0.0023094697948045084
2023-11-06,0.010347346596002449
2023-11-07,0.0009647490399055323
2023-11-08,0.005475849491389995
2023-11-09,0.00017454369615528293
2023-11-10,0.0006031802569996577
2023-11-13,-0.007827812143096469
2023-11-14,-0.0020457112103401177
2023-11-15,-0.0027943729662452516
2023-11-16,0.002550848851225629
2023-11-17,0.0015678552969582648
2023-11-20,-0.00808933411237367
2023-11-21,-0.0024773527212988535
2023-11-22,-0.00642233408416899
2023-11-23,-0.00698845463544231
2023-11-24,0.003484654523084796
2023-11-27,0.002183909433418396
2023-11-28,0.0008873285987333049
2023-11-29,-0.002482261004020669
2023-11-30,-0.00028407801633030213
2023-12-01,0.013090406501099073
2023-12-04,0.0064263413476414845
2023-12-05,-0.0013478402786538447
2023-12-06,-0.0021227293659096926
2023-12-07,0.0015516969918821792
2023-12-08,0.006020934229044217
2023-12-11,-0.003713206698158245
2023-12-12,0.0013286092948495251
2023-12-13,-0.0025696041466418025
2023-12-14,-0.005717404358241529
2023-12-15,-0.0001837854347850996
2023-12-18,-0.0017066984749739334
2023-12-19,0.0010499557860703668
2023-12-20,0.008926781325545275
2023-12-21,-0.009946024916850482
2023-12-22,0.0034078257092280636
2023-12-25,-0.008801291920654663
2023-12-26,0.009980720010336341
2023-12-27,5.2220822909900336e-06
2023-12-28,0.00300382923571092
2023-12-29,0.0050041324316211
2024-01-01,-0.0006616299549336182
2024-01-02,0.005631963943822992
2024-01-03,0.006640604120901817
2024-01-04,0.00017594734330554944
2024-01-05,-0.0009377478076899151
2024-01-08,0.0007154006988717935
2024-01-09,0.015977077890071148
2024-01-10,-0.0034062628528091178
2024-01-11,0.009727766873480117
2024-01-12,0.009570323825850591
2024-01-15,0.002934345982118702
2024-01-16,0.007556788338708364
2024-01-17,0.008616935931970503
2024-01-18,-0.008718766330145324
2024-01-19,-0.001448894782710064
2024-01-22,-0.006194961863265382
2024-01-23,-0.011367497003534434
2024-01-24,-0.005354831062858057
2024-01-25,-0.013970740674648964
2024-01-26,0.005793968350844603
2024-01-29,0.007209058229190157
2024-01-30,-0.010799544088727452
2024-01-31,0.006379777367320938
2024-02-01,0.0016650011662207478
2024-02-02,-0.010713026046345985
2024-02-05,0.007355066804874565
2024-02-06,0.0010157786907774463
2024-02-07,0.003406109691253656
2024-02-08,-0.002569219892414099
2024-02-09,0.002688372031868202
2024-02-12,0.00531863609953005
2024-02-13,-0.004124415979544116
2024-02-14,0.006865279609457153
2024-02-15,-0.006999715666756546
2024-02-16,-0.00950735535000551
2024-02-19,0.011086112014891824
2024-02-20,-0.003424242408676781
2024-02-21,0.0022465256077714543
2024-02-22,-0.00203794224931253
2024-02-23,-0.0038461991544206592
2024-02-26,-0.0012961092615438206
2024-02-27,-0.005774993142278006
2024-02-28,-0.003283677991502621
2024-02-29,-0.0036800489551297457
2024-03-01,-0.00425599765251461
2024-03-04,-0.01352846152887879
2024-03-05,-0.004838751139450027
2024-03-06,-0.019876757310672823
2024-03-07,-0.008022072950333949
2024-03-08,0.001509991970921587
2024-03-11,-0.002674206428261527
2024-03-12,-0.018875618355354007
2024-03-13,-0.0001547848135097897
2024-03-14,0.0026628399745848076
2024-03-15,-0.001806194617109913
2024-03-18,0.012982911658845287
2024-03-19,-0.0064216538195245535
2024-03-20,-0.01293543507238737
2024-03-21,-2.069883533308849e-05
2024-03-22,-0.006861864574535238
2024-03-25,-0.009501456581617319
2024-03-26,0.0004358194037537903
2024-03-27,-0.0003444061582914322
2024-03-28,-0.005695576123161805
2024-03-29,-0.0005317491532241148
2024-04-01,-0.008662141902041487
2024-04-02,0.0002883554219913491
2024-04-03,-0.0003899815469472493
2024-04-04,-0.000693746269971385
2024-04-05,0.00970881585947876
2024-04-08,0.0050997898564397745
2024-04-09,0.0044633550358257335
2024-04-10,-0.001296903684718331
2024-04-11,0.0023588214286171198
2024-04-12,-0.0009649275972310356
2024-04-15,-0.008635261636762226
2024-04-16,0.0018584250008155672
2024-04-17,-0.006560236561599342
2024-04-18,0.007592284460074672
2024-04-19,-0.0017691804372184541
2024-04-22,0.001494422480186741
2024-04-23,-0.003193045586001886
2024-04-24,-0.0030047017626627422
2024-04-25,0.004991786042248569
2024-04-26,0.007720700523765656
2024-04-29,0.002437602523666715
2024-04-30,-0.003788792770076444
2024-05-01,-0.003153199645007554
2024-05-02,-0.0031305751853703432
2024-05-03,-0.0007885294283255903
2024-05-06,0.0004041918011799201
2024-05-07,0.0025850614263119858
2024-05-08,0.004856468066096298
2024-05-09,0.00488196899753286
2024-05-10,0.000996711145017493
2024-05-13,4.09010451615012e-05
2024-05-14,0.012816276068926259
2024-05-15,-0.003934725291877839
2024-05-16,-0.0005539101427876946
2024-05-17,0.005208742532004163
2024-05-20,0.0003345666955267835
2024-05-21,0.003038087229112075
2024-05-22,-0.001836930095533118
2024-05-23,0.0008146977222412313
2024-05-24,0.004256034831485445
2024-05-27,0.004035066957741629
2024-05-28,-0.0011659700387514293
2024-05-29,0.002012447185651367
2024-05-30,-0.007162192762392717
2024-05-31,-0.0020223195215014035
2024-06-03,-0.002484995379104582
2024-06-04,0.0006631409065396943
2024-06-05,-0.0005312018761098438
2024-06-06,-6.264507700284297e-05
2024-06-07,-0.005095227514460632
2024-06-10,0.0021386864275414925
2024-06-11,-0.0005837200737037529
2024-06-12,0.00619705457105173
2024-06-13,0.0021727464095347986
2024-06-14,-0.0008479437291022631
2024-06-17,-0.0022726048476206847
2024-06-18,-0.0008108928145861948
2024-06-19,-0.00495888278655412
2024-06-20,-0.009071185028938712
2024-06-21,0.0037212667700674998
2024-06-24,0.0021420522919355146
2024-06-25,-0.004752621521185297
2024-06-26,0.003772723503080489
2024-06-27,0.0023202702773098553
2024-06-28,0.005743659153151004
2024-07-01,-0.0006347301988492986
2024-07-02,-0.004442383839352627
2024-07-03,0.0020608366616955646
2024-07-04,-0.00036628007784833555
2024-07-05,0.010133360455774666
2024-07-08,-0.003589120944148472
2024-07-09,-0.00012954898334958107
2024-07-10,0.0013512177119528125
2024-07-11,0.004384963174596024
2024-07-12,0.0021486553451145036
2024-07-15,0.00019229236535138765
2024-07-16,0.002706003189279604
2024-07-17,0.0017710846174368911
2024-07-18,0.0013135764549099922
2024-07-19,0.002629403219480864
2024-07-22,0.007114251478465894
2024-07-23,-0.007486341406876717
2024-07-24,-0.0027579363141194916
2024-07-25,-0.0009231399231250941
2024-07-26,0.005137946316416908
2024-07-29,0.008890130594214106
2024-07-30,0.00020062713144530813
2024-07-31,-0.003573187288416291
2024-08-01,0.0025160676432143926
2024-08-02,0.002014339187257153
2024-08-05,-0.008885620521432514
2024-08-06,-0.006005450573266203
2024-08-07,-0.003002523456481687
2024-08-08,-0.0010096946359035457
2024-08-09,-0.002082457045649755
2024-08-12,0.0046376178617504316
2024-08-13,0.0039329123239030045
2024-08-14,-0.0006658481296411443
2024-08-15,-0.005798416988312383
2024-08-16,0.0040726968522944995
2024-08-19,-0.008158940690974982
2024-08-20,-0.0039382074531495006
2024-08-21,0.0030119000692189635
2024-08-22,0.006569035747908725
2024-08-23,-0.006252976033032654
2024-08-26,0.0016957438830139003
2024-08-27,-0.008034717517247804
2024-08-28,0.00464477036963289
2024-08-29,-0.010587193485654112
2024-08-30,-0.0013942306876498331
2024-09-02,-0.004939056222726679
2024-09-03,-0.005101960247170268
2024-09-04,0.0021123046844962806
2024-09-05,0.005122269176972693
2024-09-06,0.000494481620663856
2024-09-09,-0.00884101184943116
2024-09-10,0.0003191296606265934
2024-09-11,-0.009313456817799583
2024-09-12,0.0046390420812880695
2024-09-13,0.0011652237231353888
2024-09-16,0.005034787106663342
2024-09-17,0.006493665775306678
2024-09-18,0.00031063205310293256
2024-09-19,0.006216708274833627
2024-09-20,0.0065303174359160115
2024-09-23,0.006624131558641478
2024-09-24,-0.006452157390244673
2024-09-25,-0.005923372497932289
2024-09-26,-0.0010906749005797467
2024-09-27,0.0027129596069323417
2024-09-30,-0.006345350310061781
2024-10-01,0.0033200870134930454
2024-10-02,0.002127709789956355
2024-10-03,-0.009764888433572528
2024-10-04,-0.003588699738156897
2024-10-07,-0.0036578336180278503
2024-10-08,0.002679367752493356
2024-10-09,-0.005572489562308869
2024-10-10,0.004884393408140109
2024-10-11,0.0014404168116805452
2024-10-14,0.001972429638415996
2024-10-15,0.0032129609232914857
2024-10-16,0.003149959486774501
2024-10-17,0.0004906630656642988
2024-10-18,-0.006620747937312176
2024-10-21,0.0006267764452288827
2024-10-22,-0.00419177991544455
2024-10-23,0.00801582262278684
2024-10-24,-0.0022597745124940836
2024-10-25,0.01116117373376322
2024-10-28,0.001870483459457284
2024-10-29,-0.003086754179915152
2024-10-30,0.006919389711378976
2024-10-31,0.0032205712591742326
2024-11-01,0.0032843219244748753
2024-11-04,0.00066374538551921
2024-11-05,-0.0007973559828384987
2024-11-06,0.00673128611873466
2024-11-07,0.003688187850372904
2024-11-08,-0.00479130136154593
2024-11-11,0.013443254517942527
2024-11-12,0.001833661062178016
2024-11-13,0.00023453485540752
2024-11-14,0.0006785565653331111
2024-11-15,0.012200343705715124
2024-11-18,0.008004037579505453
2024-11-19,-0.005226646222537236
2024-11-20,0.003542903236232653
2024-11-21,-0.013215604144947424
2024-11-22,-0.0036948520914576563
2024-11-25,0.002569778151534496
2024-11-26,-0.0005333692145854448
2024-11-27,0.003173337410626219
2024-11-28,0.006703373244391498
2024-11-29,-0.004065551525263756
2024-12-02,-0.00455714042168054
2024-12-03,-0.010313090233289345
2024-12-04,-0.0076043738130121994
2024-12-05,-0.004941830984246366
2024-12-06,0.004310877215471298
2024-12-09,0.00025909394130492177
2024-12-10,0.0032963270032306813
2024-12-11,-0.0027493782226136743
2024-12-12,0.0015160502335557658
2024-12-13,-0.001002989988325287
2024-12-16,0.006376196625117082
2024-12-17,-0.008527463881575457
2024-12-18,0.0008387908037280176
2024-12-19,0.001016644712296566
2024-12-20,-0.001967090914143821
2024-12-23,0.005001536005941776
2024-12-24,0.008590010544842186
2024-12-25,-0.002602074073433514
2024-12-26,0.0025860693372346862
2024-12-27,-0.0026130851766100974
2024-12-30,0.00537902018283909
2024-12-31,0.00787327120140846
2025-01-01,0.0015604950692171833
2025-01-02,0.00745864352079555
2025-01-03,0.007522619632267436
2025-01-06,-0.0006085039088721488
2025-01-07,0.00326865933202809
2025-01-08,-0.0014787953717085632
2025-01-09,0.0002522644745577952
2025-01-10,-0.00554578274532891
2025-01-13,0.006475894927245807
2025-01-14,-0.0005340094436841577
2025-01-15,0.004668183407898075
2025-01-16,-0.004107211892472784
2025-01-17,-0.0024377372631853465
2025-01-20,-0.008681989131146463
2025-01-21,-0.0012108742690308373
2025-01-22,0.0007014583895283534
2025-01-23,-0.005010177569785524
2025-01-24,-0.004455212796475273
2025-01-27,0.0016657942970060625
2025-01-28,0.0011714662476690842
2025-01-29,3.0763069562689434e-05
2025-01-30,-0.007156068210091227
2025-01-31,0.0074949762590232226
2025-02-03,-0.005260151190777207
2025-02-04,0.005419032771484367
2025-02-05,-0.00014848645298031144
2025-02-06,0.0042439472647479055
2025-02-07,0.003772787873549022
2025-02-10,-0.0029697411954653368
2025-02-11,0.007206104359283217
2025-02-12,-0.005346643504013771
2025-02-13,0.00032836191033813766
2025-02-14,-0.00527664992388861
2025-02-17,-0.004526655692634041
2025-02-18,0.007244244845555814
2025-02-19,0.0010781569442833035
2025-02-20,-0.008855907072132596
2025-02-21,0.0026114135352252937
2025-02-24,0.0050549113936461335
2025-02-25,-0.014018613502682608
2025-02-26,0.008389361363126714
2025-02-27,-0.005108331498180641
2025-02-28,-0.004142671866716219
2025-03-03,0.0011707716219381936
2025-03-04,0.0012707876199111292
2025-03-05,-0.001323075714059141
2025-03-06,0.007913933361626026
2025-03-07,0.0012634452389254092
2025-03-10,-0.004959273078683712
2025-03-11,-0.0032327232137926874
2025-03-12,-0.009902335266820252
2025-03-13,-0.003913714133757962
2025-03-14,0.006839194803977678
2025-03-17,-0.0005074356575614615
2025-03-18,0.002817836783332384
2025-03-19,0.002778373117288213
2025-03-20,0.002157511692631986
2025-03-21,0.005053071506203222
2025-03-24,-0.00021705072096638326
2025-03-25,0.001820063319844323
2025-03-26,0.0005257350330344357
2025-03-27,-0.0015143928243869233
2025-03-28,0.004892983294364162
2025-03-31,0.014418330743879194
2025-04-01,0.0009877441474662298
2025-04-02,-0.0024352859567971616
2025-04-03,0.001897132145823943
2025-04-04,0.0013761088970883244
2025-04-07,0.009470563905094266
2025-04-08,0.005350987319621692
2025-04-09,0.0021580040159837827
2025-04-10,-0.008277313152000044
2025-04-11,0.0031537112310477066
2025-04-14,-0.0017585743492006594
2025-04-15,0.007498308488384552
2025-04-16,-0.006177667829359735
2025-04-17,-0.005733935185428796
2025-04-18,0.003473453873005794
2025-04-21,-0.004214258674887495
2025-04-22,0.0070442210551806776
2025-04-23,0.0018752631496749882
2025-04-24,-0.0076653205307040785
2025-04-25,0.010189529869615323
2025-04-28,-0.008759094718896132
2025-04-29,0.004964604212660162
2025-04-30,0.004769627095729679
2025-05-01,-0.008937199880521508
2025-05-02,2.405640166991429e-05
2025-05-05,-0.009875246338867294
2025-05-06,-0.0007522927319416404
2025-05-07,0.006955644078288414
2025-05-08,3.0066040973552194e-05
2025-05-09,-0.0004926015574569398
2025-05-12,0.001488809150602655
2025-05-13,0.015169064013508437
2025-05-14,0.0032881034037552494
2025-05-15,-0.014747812928761974
2025-05-16,0.013800099896838502
2025-05-19,-0.006428352296346262
2025-05-20,0.005379026407052879
2025-05-21,-0.003893552198476891
2025-05-22,0.011840307422648345
2025-05-23,-0.0013417637521112363
2025-05-26,-0.014122962119242067
2025-05-27,0.006270642051178023
2025-05-28,0.004366002910194289
2025-05-29,0.002931145976559901
2025-05-30,-0.00953138490725456
2025-06-02,0.01007145772489708
2025-06-03,-0.00994701937466107
2025-06-04,0.01765752510381966
2025-06-05,0.006631863693460361
2025-06-06,-0.00052704798812806
2025-06-09,0.0022711011617138066
2025-06-10,0.005290559848425947
2025-06-11,-0.0016675050703436323
2025-06-12,-0.003083812961973154
2025-06-13,-0.005183538758812167
2025-06-16,-0.0006310961833180917
2025-06-17,-0.0009977909486080135
2025-06-18,-0.002845576524998684
2025-06-19,0.008923017697868029
2025-06-20,-0.005539849260755415
2025-06-23,0.007341306404594274
2025-06-24,0.009534388879868417
2025-06-25,0.00826733462749767
2025-06-26,-0.006283744322343822
2025-06-27,0.0058182561960907105
2025-06-30,0.01202870808155472
2025-07-01,0.008273889338576246
2025-07-02,-0.0037392814945036213
2025-07-03,-0.004864121972248681
2025-07-04,0.004178077165584182
2025-07-07,-0.011210885485995028
2025-07-08,0.00035795158877154347
2025-07-09,0.005354397013450841
2025-07-10,0.003089222437597572
2025-07-11,-0.010630906177834399
2025-07-14,-0.008828054423072374
2025-07-15,-0.006097635461560525
2025-07-16,-0.0005166021937168759
2025-07-17,0.003301315385413584
2025-07-18,0.003042068225555439
2025-07-21,0.008100400363742488
2025-07-22,0.004372879553276366
2025-07-23,-0.001198928329406623
2025-07-24,-0.0024143383553255405
2025-07-25,-0.0033066904465079987
2025-07-28,0.010018408543292789
2025-07-29,-0.00573129416265934
2025-07-30,-0.0014663705638771512
2025-07-31,-0.002914127532813682
2025-08-01,-0.012233586980558233
2025-08-04,0.0008010658284029583
2025-08-05,-0.009978958124548987
2025-08-06,-0.004208978104831074
2025-08-07,-0.0029064908159194937
2025-08-08,-0.000978537977436034
2025-08-11,-0.004105072259129749
2025-08-12,-0.002495865776226536
2025-08-13,0.00949135513335906
2025-08-14,0.00569540435608209
2025-08-15,-0.009214679674077277
2025-08-18,-0.003751539145678007
2025-08-19,0.0003324136905751512
2025-08-20,-0.0015262842585907598
2025-08-21,0.00261350027774061
2025-08-22,0.00557029880818023
2025-08-25,0.0014499820586402425
2025-08-26,0.0006193870341955066
2025-08-27,0.006180770101379008
2025-08-28,-0.0019046131585810145
2025-08-29,0.01181576095244681
2025-09-01,0.004431636890640633
2025-09-02,-0.006427976945463044
2025-09-03,0.004747635931011685
2025-09-04,0.008889385277661855
2025-09-05,-0.0019437868121441552
2025-09-08,0.006465532802380003
2025-09-09,-0.007588359530168454
2025-09-10,-0.0032506375146462495
2025-09-11,0.009404785241200874
2025-09-12,0.004356405313732025
