date,open,high,low,close,volume
2022-10-28,116.00841762955584,116.36269146259284,115.65414379651884,116.00841762955584,0
2022-10-31,116.00841762955584,116.10951905923444,115.85425516442224,115.95535659410085,0
2022-11-01,115.95535659410085,116.4158155124266,115.76253560116272,116.22299451948848,0
2022-11-02,116.22299451948848,116.38125279571538,115.96794274395565,116.12620102018255,0
2022-11-03,116.12620102018255,117.3321423230248,115.99441642274856,117.2003577255908,0
2022-11-04,117.2003577255908,118.01384954612728,117.05873028935724,117.87222210989371,0
2022-11-07,117.87222210989371,118.95640398845828,117.82412784374777,118.90830972231234,0
2022-11-08,118.90830972231234,119.25178569144329,118.90138948592396,119.2448654550549,0
2022-11-09,119.2448654550549,119.3141119399381,118.2116676995359,118.28091418441909,0
2022-11-10,118.28091418441909,118.88054034040418,118.2091665336456,118.80879268963069,0
2022-11-11,118.80879268963069,118.94810831195853,118.39666866730295,118.53598428963079,0
2022-11-14,118.53598428963079,119.33226668710064,118.4810147776252,119.27729717509506,0
2022-11-15,119.27729717509506,119.44268041603287,119.0135608269061,119.17894406784391,0
2022-11-16,119.17894406784391,119.24716356835538,118.8344521924114,118.90267169292287,0
2022-11-17,118.90267169292287,119.4144877638722,118.89311510041092,119.40493117136026,0
2022-11-18,119.40493117136026,120.22925022477847,119.09746733946233,119.92178639288053,0
2022-11-21,119.92178639288053,119.92913967923916,119.82711555675438,119.834468843113,0
2022-11-22,119.834468843113,119.908369553625,118.77427578506345,118.84817649557544,0
2022-11-23,118.84817649557544,119.14122218581672,118.0686172536251,118.36166294386638,0
2022-11-24,118.36166294386638,118.6862361265068,118.33004705470393,118.65462023734435,0
2022-11-25,118.65462023734435,119.16881402481259,118.29417813683476,118.808371924303,0
2022-11-28,118.808371924303,119.52967368321247,118.64100665296051,119.36230841186998,0
2022-11-29,119.36230841186998,120.46945000115086,119.01042562162732,120.1175672109082,0
2022-11-30,120.1175672109082,120.33688928024128,119.7604476879505,119.97976975728358,0
2022-12-01,119.97976975728358,120.09088550225844,119.65720831198064,119.7683240569555,0
2022-12-02,119.7683240569555,120.38341926007176,119.56378105583958,120.17887625895584,0
2022-12-05,120.17887625895584,120.55304546530641,119.35893301834129,119.73310222469186,0
2022-12-06,119.73310222469186,120.65033435252418,119.6287751140473,120.54600724187962,0
2022-12-07,120.54600724187962,121.05837751167478,120.14238644351907,120.65475671331423,0
2022-12-08,120.65475671331423,122.40982330549448,120.40754607817415,122.1626126703544,0
2022-12-09,122.1626126703544,122.58470948792025,122.04880369839803,122.47090051596388,0
2022-12-12,122.47090051596388,123.5644194302928,122.4520174143995,123.54553632872843,0
2022-12-13,123.54553632872843,123.81364964103916,123.34910626200264,123.61721957431337,0
2022-12-14,123.61721957431337,123.72182849140775,123.57692719727962,123.681536114374,0
2022-12-15,123.681536114374,124.75694659144663,123.55023718141038,124.62564765848302,0
2022-12-16,124.62564765848302,124.96714830976528,123.66037900946215,124.00187966074441,0
2022-12-19,124.00187966074441,124.13206017873532,123.75483077749695,123.88501129548786,0
2022-12-20,123.88501129548786,123.96358179105987,123.67917196694094,123.75774246251295,0
2022-12-21,123.75774246251295,124.41726442954082,123.52993083334945,124.18945280037732,0
2022-12-22,124.18945280037732,124.31906299060827,123.5300799781948,123.65969016842575,0
2022-12-23,123.65969016842575,125.63207154261289,123.29247573755616,125.2648571117433,0
2022-12-26,125.2648571117433,125.4829012508799,125.23819384712601,125.45623798626262,0
2022-12-27,125.45623798626262,125.54870064679943,125.33924597157183,125.43170863210864,0
2022-12-28,125.43170863210864,125.97070453139706,125.39793669376459,125.93693259305302,0
2022-12-29,125.93693259305302,126.72163786088727,125.76845607333176,126.55316134116602,0
2022-12-30,126.55316134116602,126.82550606936336,126.44950634941253,126.72185107760987,0
2023-01-02,126.72185107760987,126.9507591547918,126.32928658264856,126.55819465983049,0
2023-01-03,126.55819465983049,126.95605096964401,126.37327613030259,126.7711324401161,0
2023-01-04,126.7711324401161,126.88980738661316,126.58488845136469,126.70356339786174,0
2023-01-05,126.70356339786174,127.5284725928591,126.61189788381333,127.43680707881069,0
2023-01-06,127.43680707881069,127.6255265590657,127.30323542736032,127.49195490761534,0
2023-01-09,127.49195490761534,128.22286406222435,127.37625596458727,128.10716511919628,0
2023-01-10,128.10716511919628,128.90749672238616,128.09643990159904,128.89677150478892,0
2023-01-11,128.89677150478892,129.9344800326331,128.68838941665422,129.7260979444984,0
2023-01-12,129.7260979444984,129.86001303237717,129.3870716058667,129.52098669374547,0
2023-01-13,129.52098669374547,129.70349032974428,129.44509495420763,129.62759859020645,0
2023-01-16,129.62759859020645,129.6449265263006,129.31086042119907,129.32818835729321,0
2023-01-17,129.32818835729321,129.75582286747823,129.3154370260065,129.7430715361915,0
2023-01-18,129.7430715361915,130.0273016800563,129.53254547278524,129.81677561665003,0
2023-01-19,129.81677561665003,130.19512952571253,129.43813080223438,129.81648471129688,0
2023-01-20,129.81648471129688,129.86746778911473,128.98187470202748,129.03285777984533,0
2023-01-23,129.03285777984533,129.04506552785097,128.3024689613699,128.31467670937553,0
2023-01-24,128.31467670937553,128.42522371012828,127.3432545255164,127.45380152626915,0
2023-01-25,127.45380152626915,127.68085987905935,125.66708529525604,125.89414364804625,0
2023-01-26,125.89414364804625,126.0961078486737,125.853979377403,126.05594357803044,0
2023-01-27,126.05594357803044,126.11448777873647,125.66293488808392,125.72147908878996,0
2023-01-30,125.72147908878996,127.30539968278347,125.50827972558497,127.09220031957848,0
2023-01-31,127.09220031957848,127.44667187564289,127.04182325783263,127.39629481389704,0
2023-02-01,127.39629481389704,128.01775186215758,127.32643722884767,127.9478942771082,0
2023-02-02,127.9478942771082,128.52530625893985,127.8028081831793,128.38022016501094,0
2023-02-03,128.38022016501094,128.38828470114137,128.37229031842267,128.3803548545531,0
2023-02-06,128.3803548545531,129.15235125514346,128.26493782079126,129.0369342213816,0
2023-02-07,129.0369342213816,129.0899829360894,128.77857873036123,128.83162744506902,0
2023-02-08,128.83162744506902,129.5436680595624,128.76206906849836,129.47410968299175,0
2023-02-09,129.47410968299175,129.71362215905745,128.125251041049,128.3647635171147,0
2023-02-10,128.3647635171147,128.40384355106966,127.9995136544597,128.03859368841466,0
2023-02-13,128.03859368841466,128.2793519308657,127.83275392920598,128.073512171657,0
2023-02-14,128.073512171657,128.11408759375692,127.48866852197844,127.52924394407836,0
2023-02-15,127.52924394407836,127.79311631539638,127.41304996264451,127.67692233396252,0
2023-02-16,127.67692233396252,128.93442386064882,127.66588855128157,128.92339007796787,0
2023-02-17,128.92339007796787,129.0364812111864,128.8359668811728,128.94905801439134,0
2023-02-20,128.94905801439134,129.32708552093726,128.75281415799859,129.1308416645445,0
2023-02-21,129.1308416645445,129.46393938478786,128.27326817279723,128.6063658930406,0
2023-02-22,128.6063658930406,128.62990080994447,128.5033172287621,128.526852145666,0
2023-02-23,128.526852145666,129.11070579524522,128.32313702741078,128.90699067699,0
2023-02-24,128.90699067699,129.13325183025648,128.51650183845584,128.74276299172232,0
2023-02-27,128.74276299172232,128.7751915176287,128.55516756290137,128.58759608880777,0
2023-02-28,128.58759608880777,128.63687592166065,127.97290025839675,128.02218009124962,0
2023-03-01,128.02218009124962,128.54213371882108,127.94349850627951,128.46345213385095,0
2023-03-02,128.46345213385095,129.29375949876325,128.0938724760219,128.9241798409342,0
2023-03-03,128.9241798409342,128.99464701362555,128.56184219451532,128.6323093672067,0
2023-03-06,128.6323093672067,129.2412515526887,128.4466570301572,129.05559921563923,0
2023-03-07,129.05559921563923,129.4929532735782,127.65940651560221,128.09676057354116,0
2023-03-08,128.09676057354116,128.58782089775013,127.96063287673763,128.4516932009466,0
2023-03-09,128.4516932009466,129.29529395176476,128.3272036926397,129.17080444345785,0
2023-03-10,129.17080444345785,130.1761383983356,128.96430819555223,129.96964215043,0
2023-03-13,129.96964215043,130.01512964766724,129.7885639108844,129.83405140812164,0
2023-03-14,129.83405140812164,129.92005100197065,129.09285107354606,129.17885066739507,0
2023-03-15,129.17885066739507,129.45973813225726,128.52251096398558,128.80339842884777,0
2023-03-16,128.80339842884777,129.16853324861066,127.96888003535975,128.33401485512263,0
2023-03-17,128.33401485512263,128.53730433646254,127.70268640429545,127.90597588563534,0
2023-03-20,127.90597588563534,128.0982616400402,127.87645238756762,128.0687381419725,0
2023-03-21,128.0687381419725,128.66187028434769,127.90197836765823,128.4951105100334,0
2023-03-22,128.4951105100334,129.45062687955402,128.26409091156214,129.21960728108274,0
2023-03-23,129.21960728108274,129.34044964037327,128.67032496613547,128.791167325426,0
2023-03-24,128.791167325426,128.94320600179157,127.98225286741523,128.1342915437808,0
2023-03-27,128.1342915437808,128.17396118541203,127.99200066979492,128.03167031142615,0
2023-03-28,128.03167031142615,128.10424309101433,127.09262608617281,127.165198865761,0
2023-03-29,127.165198865761,127.2035053565692,126.66623146170292,126.70453795251112,0
2023-03-30,126.70453795251112,126.9460165072522,126.63065741902389,126.87213597376497,0
2023-03-31,126.87213597376497,126.99378326052486,126.6391574708634,126.76080475762329,0
2023-04-03,126.76080475762329,126.80540387612805,126.08088730220257,126.12548642070733,0
2023-04-04,126.12548642070733,126.31755785367778,125.742479095039,125.93455052800945,0
2023-04-05,125.93455052800945,126.00768088263348,124.79671045937089,124.86984081399491,0
2023-04-06,124.86984081399491,125.23627457886576,123.21049395773217,123.57692772260302,0
2023-04-07,123.57692772260302,124.06072786551432,123.5462270820425,124.03002722495381,0
2023-04-10,124.03002722495381,124.14196862836171,123.77471098348283,123.88665238689073,0
2023-04-11,123.88665238689073,123.96847539465419,122.57331470754275,122.65513771530621,0
2023-04-12,122.65513771530621,123.22659013399871,122.53520561469182,123.10665803338432,0
2023-04-13,123.10665803338432,123.89655952255598,122.90275693443989,123.69265842361155,0
2023-04-14,123.69265842361155,123.77098708020075,123.63666585119606,123.71499450778526,0
2023-04-17,123.71499450778526,123.8192365622813,123.41738922361351,123.52163127810955,0
2023-04-18,123.52163127810955,123.70539329181243,123.03276056644397,123.21652258014684,0
2023-04-19,123.21652258014684,123.36816012267359,122.98206093443311,123.13369847695985,0
2023-04-20,123.13369847695985,123.9541667591706,122.987194579262,123.80766286147275,0
2023-04-21,123.80766286147275,124.06100689294134,123.71753250022837,123.97087653169696,0
2023-04-24,123.97087653169696,124.16035516205956,123.45137746073283,123.64085609109543,0
2023-04-25,123.64085609109543,124.45828428064415,123.63733927902321,124.45476746857193,0
2023-04-26,124.45476746857193,124.49295019734595,124.08810172027354,124.12628444904756,0
2023-04-27,124.12628444904756,125.52896236853246,123.78116474106204,125.18384266054693,0
2023-04-28,125.18384266054693,125.37578771601558,124.54246642615324,124.73441148162189,0
2023-05-01,124.73441148162189,125.10774641482422,124.58041710701266,124.953752040215,0
2023-05-02,124.953752040215,124.97087587737484,123.82336362000655,123.84048745716639,0
2023-05-03,123.84048745716639,124.5974222761329,123.64902828281946,124.40596310178597,0
2023-05-04,124.40596310178597,124.97833107606277,124.25982507507568,124.83219304935248,0
2023-05-05,124.83219304935248,124.96350719080466,124.41543250925783,124.54674665071,0
2023-05-08,124.54674665071,125.5374245946439,124.22161315780004,125.21229110173392,0
2023-05-09,125.21229110173392,125.40665897128305,124.08676628414699,124.28113415369612,0
2023-05-10,124.28113415369612,124.47863516775475,124.1147350955943,124.31223610965293,0
2023-05-11,124.31223610965293,124.69830147762768,124.2331685532738,124.61923392124855,0
2023-05-12,124.61923392124855,124.74460701320571,123.2526015626719,123.37797465462906,0
2023-05-15,123.37797465462906,123.53981836047627,123.02283937398913,123.18468307983635,0
2023-05-16,123.18468307983635,123.24981588902855,123.10224584398962,123.16737865318183,0
2023-05-17,123.16737865318183,123.17795331901345,122.51382159379095,122.52439625962258,0
2023-05-18,122.52439625962258,123.72300593053959,122.2820727779142,123.4806824488312,0
2023-05-19,123.4806824488312,124.44234755760749,123.32676208023568,124.28842718901197,0
2023-05-22,124.28842718901197,125.14110388247907,123.95418673605023,124.80686342951734,0
2023-05-23,124.80686342951734,126.07470462065737,124.50677985084003,125.77462104198007,0
2023-05-24,125.77462104198007,126.01510764579791,125.36792478071958,125.60841138453742,0
2023-05-25,125.60841138453742,125.69620259543495,125.2427738211303,125.33056503202783,0
2023-05-26,125.33056503202783,126.22643823576678,125.03813008417809,125.93400328791704,0
2023-05-29,125.93400328791704,126.10211266678402,124.53136640399046,124.69947578285745,0
2023-05-30,124.69947578285745,125.73854359813302,124.62993487987218,125.66900269514775,0
2023-05-31,125.66900269514775,125.8445062535523,125.5144831338448,125.68998669224935,0
2023-06-01,125.68998669224935,126.24380720656441,125.5212680666803,126.07508858099537,0
2023-06-02,126.07508858099537,126.40491237646779,125.93552319659227,126.26534699206469,0
2023-06-05,126.26534699206469,126.51452271396555,125.2340587505823,125.48323447248316,0
2023-06-06,125.48323447248316,125.63768439346202,125.18517577473571,125.33962569571457,0
2023-06-07,125.33962569571457,125.71223118749441,124.46961514412409,124.84222063590393,0
2023-06-08,124.84222063590393,125.35762703834892,124.74513074191537,125.26053714436037,0
2023-06-09,125.26053714436037,125.29932274290577,124.34521700484176,124.38400260338716,0
2023-06-12,124.38400260338716,125.20657819001613,124.30740155438251,125.12997714101148,0
2023-06-13,125.12997714101148,125.28765161635083,124.88389983033291,125.04157430567226,0
2023-06-14,125.04157430567226,125.99918704956914,125.022270428161,125.97988317205788,0
2023-06-15,125.97988317205788,126.5569773515608,125.72879806618612,126.30589224568904,0
2023-06-16,126.30589224568904,126.40686183792263,125.8905363238596,125.9915059160932,0
2023-06-19,125.9915059160932,126.510642064844,125.98084512068604,126.49998126943684,0
2023-06-20,126.49998126943684,127.2094464212145,126.47485826068922,127.18432341246687,0
2023-06-21,127.18432341246687,127.24755029821752,127.05076504569459,127.11399193144524,0
2023-06-22,127.11399193144524,128.24496945765262,127.06679663115231,128.19777415735967,0
2023-06-23,128.19777415735967,128.30852418401986,128.14611758261015,128.25686760927033,0
2023-06-26,128.25686760927033,128.43479659685923,128.20306602410517,128.38099501169407,0
2023-06-27,128.38099501169407,128.67850498236388,128.29352768869063,128.59103765936044,0
2023-06-28,128.59103765936044,128.81800767689344,127.6792559632861,127.9062259808191,0
2023-06-29,127.9062259808191,128.1734921188187,127.4400635712449,127.70732970924449,0
2023-06-30,127.70732970924449,127.92387483289818,127.02913455207849,127.24567967573218,0
2023-07-03,127.24567967573218,127.36664631186557,126.84893866654026,126.96990530267365,0
2023-07-04,126.96990530267365,127.22774326426759,124.86207136277609,125.11990932437003,0
2023-07-05,125.11990932437003,125.55024275371365,124.8686150987594,125.29894852810303,0
2023-07-06,125.29894852810303,126.32332957282941,125.12276863263091,126.14714967735729,0
2023-07-07,126.14714967735729,126.64899321767945,125.9635141917074,126.46535773202956,0
2023-07-10,126.46535773202956,126.6956211911979,125.75379764382527,125.9840611029936,0
2023-07-11,125.9840611029936,126.98396704229086,125.68145763284178,126.68136357213903,0
2023-07-12,126.68136357213903,126.74059570131139,126.49619040448238,126.55542253365473,0
2023-07-13,126.55542253365473,126.95291174689197,126.47860769213419,126.87609690537143,0
2023-07-14,126.87609690537143,127.96430641533587,126.58829665704614,127.67650616701059,0
2023-07-17,127.67650616701059,128.75955645316174,127.569109621919,128.65215990807016,0
2023-07-18,128.65215990807016,129.23896459081263,128.63274487739395,129.21954956013641,0
2023-07-19,129.21954956013641,129.28775456856778,128.68462163544913,128.7528266438805,0
2023-07-20,128.7528266438805,129.28378899043147,128.7358665031819,129.2668288497329,0
2023-07-21,129.2668288497329,129.33715760514605,128.8272389115632,128.89756766697636,0
2023-07-24,128.89756766697636,129.16350821962092,128.34150383420723,128.6074443868518,0
2023-07-25,128.6074443868518,128.80533892073362,128.35156187708938,128.5494564109712,0
2023-07-26,128.5494564109712,128.9012238056712,128.41757687599107,128.76934427069108,0
2023-07-27,128.76934427069108,129.15552807493236,128.46300529981627,128.84918910405756,0
2023-07-28,128.84918910405756,129.20458016570691,127.46850414830172,127.82389520995108,0
2023-07-31,127.82389520995108,127.88061776299516,127.64190137249402,127.6986239255381,0
2023-08-01,127.6986239255381,127.92125934827001,127.54965664728412,127.77229207001604,0
2023-08-02,127.77229207001604,128.08283020509072,127.71304347111841,128.0235816061931,0
2023-08-03,128.0235816061931,128.05957748568173,126.74766538123028,126.78366126071892,0
2023-08-04,126.78366126071892,127.09838274137009,126.75016362963324,127.06488511028441,0
2023-08-07,127.06488511028441,127.66630182577593,126.7626709191047,127.36408763459623,0
2023-08-08,127.36408763459623,128.11388877658248,127.18380584600006,127.9336069879863,0
2023-08-09,127.9336069879863,128.83212567502864,127.68137314660451,128.57989183364685,0
2023-08-10,128.57989183364685,129.41541315837733,128.51499996351728,129.35052128824776,0
2023-08-11,129.35052128824776,130.38736114342132,129.2128913502697,130.24973120544325,0
2023-08-14,130.24973120544325,130.46603527332425,129.90240763978076,130.11871170766176,0
2023-08-15,130.11871170766176,130.17536186498884,129.9717530863974,130.02840324372448,0
2023-08-16,130.02840324372448,130.34810741571746,129.9787352260396,130.29843939803257,0
2023-08-17,130.29843939803257,131.1013307041947,129.9119505177497,130.71484182391183,0
2023-08-18,130.71484182391183,130.9189480356804,129.77757152031992,129.98167773208849,0
2023-08-21,129.98167773208849,130.06413062402694,129.5587158499617,129.64116874190015,0
2023-08-22,129.64116874190015,129.72447500991774,129.4672948272031,129.55060109522069,0
2023-08-23,129.55060109522069,129.589675597078,129.34120017573997,129.3802746775973,0
2023-08-24,129.3802746775973,130.5105648326923,129.28181428498428,130.41210444007928,0
2023-08-25,130.41210444007928,130.79602299064038,130.2336898794369,130.617608429998,0
2023-08-28,130.617608429998,130.81509397040836,130.460677501388,130.65816304179836,0
2023-08-29,130.65816304179836,130.77434276498298,129.1611929532056,129.27737267639023,0
2023-08-30,129.27737267639023,130.12498635947765,129.1560328691983,130.00364655228572,0
2023-08-31,130.00364655228572,130.39636633536304,129.9236143421489,130.31633412522623,0
2023-09-01,130.31633412522623,130.79090634833204,129.3241739402422,129.798746163348,0
2023-09-04,129.798746163348,130.02559717030113,129.3527376963733,129.57958870332644,0
2023-09-05,129.57958870332644,129.94167514681737,129.1252987079348,129.4873851514257,0
2023-09-06,129.4873851514257,129.99667456838188,129.28008656438402,129.78937598134019,0
2023-09-07,129.78937598134019,130.2461892896529,128.29430657517793,128.75111988349065,0
2023-09-08,128.75111988349065,129.2483345859742,128.5264251838653,129.02363988634886,0
2023-09-11,129.02363988634886,130.15919363873942,128.9294294174575,130.06498316984806,0
2023-09-12,130.06498316984806,130.3366451592387,129.92402775466113,130.19568974405178,0
2023-09-13,130.19568974405178,130.5452429934291,129.66799702358819,130.0175502729655,0
2023-09-14,130.0175502729655,130.50035616357388,129.9370604322046,130.41986632281296,0
2023-09-15,130.41986632281296,130.64906897660686,129.6318244582506,129.8610271120445,0
2023-09-18,129.8610271120445,130.4213104583742,129.80837575211353,130.36865909844323,0
2023-09-19,130.36865909844323,130.8289477246653,130.32025619869069,130.78054482491277,0
2023-09-20,130.78054482491277,130.9745484303654,130.29977313382986,130.49377673928248,0
2023-09-21,130.49377673928248,130.5295917250741,130.3309317699781,130.36674675576973,0
2023-09-22,130.36674675576973,130.53183245888698,129.4097666869469,129.57485239006417,0
2023-09-25,129.57485239006417,129.7702018652149,129.5427971648046,129.73814663995532,0
2023-09-26,129.73814663995532,129.94756413200074,129.66001216683526,129.86942965888068,0
2023-09-27,129.86942965888068,130.40809551730368,129.85166381602323,130.39032967444624,0
2023-09-28,130.39032967444624,130.64846720005977,130.2941075205587,130.55224504617223,0
2023-09-29,130.55224504617223,130.64819591540578,130.55119416308926,130.6471450323228,0
2023-10-02,130.6471450323228,130.90254630774618,129.5990240438856,129.85442531930897,0
2023-10-03,129.85442531930897,131.42137275085855,129.47142784424378,131.03837527579336,0
2023-10-04,131.03837527579336,131.17270115822427,130.85882964409268,130.9931555265236,0
2023-10-05,130.9931555265236,131.40656882899106,130.94676739215632,131.36018069462378,0
2023-10-06,131.36018069462378,132.96377574767436,131.14783438904578,132.75142944209637,0
2023-10-09,132.75142944209637,134.40567375705803,132.733134977135,134.38737929209665,0
2023-10-10,134.38737929209665,135.77151601281764,134.36087605430185,135.74501277502284,0
2023-10-11,135.74501277502284,137.19861808277147,135.71702055555238,137.170625863301,0
2023-10-12,137.170625863301,138.65425516560288,137.13271215483135,138.61634145713322,0
2023-10-13,138.61634145713322,138.77442283136978,137.86993964819914,138.0280210224357,0
2023-10-16,138.0280210224357,138.10019744283684,137.85085271454778,137.92302913494893,0
2023-10-17,137.92302913494893,138.65678488438937,137.7316830569449,138.46543880638532,0
2023-10-18,138.46543880638532,138.73883025128777,138.23874011952037,138.51213156442282,0
2023-10-19,138.51213156442282,139.26151658637608,138.34597661772668,139.09536163967994,0
2023-10-20,139.09536163967994,139.15697987004194,138.5761129390917,138.6377311694537,0
2023-10-23,138.6377311694537,138.77500575137648,138.05977490715676,138.19704948907955,0
2023-10-24,138.19704948907955,138.2635510923086,137.206885519982,137.27338712321105,0
2023-10-25,137.27338712321105,137.70190988143753,137.1468296061004,137.57535236432687,0
2023-10-26,137.57535236432687,138.7909569193457,137.345154355982,138.56075891100082,0
2023-10-27,138.56075891100082,139.0653069214008,138.45869676204123,138.96324477244121,0
2023-10-30,138.96324477244121,139.72215926813058,138.8786485681138,139.63756306380316,0
2023-10-31,139.63756306380316,140.44819355316545,139.53325749680127,140.34388798616357,0
2023-11-01,140.34388798616357,140.5915867171253,139.33153746398318,139.5792361949449,0
2023-11-02,139.5792361949449,139.74198041056525,137.8645923745819,138.02733659020222,0
2023-11-03,138.02733659020222,138.84327330439726,137.7004889259007,138.51642564009572,0
2023-11-06,138.51642564009572,139.86346279628864,138.45949456390562,139.80653172009855,0
2023-11-07,139.80653172009855,141.0626245077851,139.603135964685,140.85922875237156,0
2023-11-08,140.85922875237156,140.9615558130299,139.66414751015557,139.7664745708139,0
2023-11-09,139.7664745708139,139.85269421364137,139.70544457028845,139.79166421311592,0
2023-11-10,139.79166421311592,139.96968796933382,139.4862029806594,139.6642267368773,0
2023-11-13,139.6642267368773,139.88719715665263,139.51624964697353,139.73922006674886,0
2023-11-14,139.73922006674886,139.82617874026357,139.512987818079,139.59994649159373,0
2023-11-15,139.59994649159373,139.66068266267234,138.5602490747308,138.6209852458094,0
2023-11-16,138.6209852458094,138.87855548077007,138.28317301117448,138.54074324613515,0
2023-11-17,138.54074324613515,139.25673891238793,138.48373585945336,139.19973152570614,0
2023-11-20,139.19973152570614,140.06304290063153,137.030046117893,137.89335749281838,0
2023-11-21,137.89335749281838,137.9659046909336,137.80072382465147,137.8732710227667,0
2023-11-22,137.8732710227667,138.2076318386488,137.6931160837476,138.02747689962973,0
2023-11-23,138.02747689962973,138.25907245204104,137.3001429264711,137.5317384788824,0
2023-11-24,137.5317384788824,137.64833619465483,136.94025228528184,137.05685000105427,0
2023-11-27,137.05685000105427,138.25584670819416,136.6833405183362,137.88233722547608,0
2023-11-28,137.88233722547608,137.90021907140172,137.1929040457257,137.21078589165134,0
2023-11-29,137.21078589165134,137.2519612292361,136.93687056723354,136.9780459048183,0
2023-11-30,136.9780459048183,137.36872125437725,136.8699581598846,137.26063350944355,0
2023-12-01,137.26063350944355,137.7637134266572,137.1948798705702,137.69795978778384,0
2023-12-04,137.69795978778384,138.14624607826565,137.25320850246143,137.70149479294324,0
2023-12-05,137.70149479294324,137.92796124799094,137.48649833872108,137.71296479376878,0
2023-12-06,137.71296479376878,138.6323652764768,137.593268384825,138.51266886753302,0
2023-12-07,138.51266886753302,139.29308144825188,138.3793434566353,139.15975603735416,0
2023-12-08,139.15975603735416,140.6359749904979,139.0204514136255,140.49667036676925,0
2023-12-11,140.49667036676925,141.43257010278347,140.2095419921986,141.14544172821283,0
2023-12-12,141.14544172821283,142.26926073561935,140.98704929320775,142.11086830061427,0
2023-12-13,142.11086830061427,142.59306747252114,141.07882593918382,141.5610251110907,0
2023-12-14,141.5610251110907,142.29686667131267,140.97241973713028,141.70826129735227,0
2023-12-15,141.70826129735227,141.72053077966922,141.65912420054755,141.6713936828645,0
2023-12-18,141.6713936828645,141.7286460080729,141.4886789255202,141.5459312507286,0
2023-12-19,141.5459312507286,141.85872379317115,141.46597763481532,141.77877017725788,0
2023-12-20,141.77877017725788,142.39283339787923,141.6601239786883,142.27418719930964,0
2023-12-21,142.27418719930964,143.0353091901196,142.18268758060069,142.94380957141064,0
2023-12-22,142.94380957141064,143.42790409955288,142.7840579462675,143.26815247440973,0
2023-12-25,143.26815247440973,143.6814032675569,142.3183358784629,142.73158667161007,0
2023-12-26,142.73158667161007,143.4855374269909,142.49892916115627,143.2528799165371,0
2023-12-27,143.2528799165371,144.82978237449615,142.96763936801318,144.54454182597223,0
2023-12-28,144.54454182597223,145.81438979427284,144.2347511967498,145.50459916505042,0
2023-12-29,145.50459916505042,146.9299906826023,145.14521984265673,146.5706113602086,0
2024-01-01,146.5706113602086,146.98998412873834,146.41983445239956,146.8392072209293,0
2024-01-02,146.8392072209293,147.06863590957298,145.91960836310625,146.14903705174993,0
2024-01-03,146.14903705174993,148.08490905641793,146.1137143981737,148.0495864028417,0
2024-01-04,148.0495864028417,148.10497571885148,146.88717973301294,146.94256904902272,0
2024-01-05,146.94256904902272,147.06802063368724,145.9649445342013,146.0903961188658,0
2024-01-08,146.0903961188658,146.4530659977187,143.80517964942618,144.16784952827908,0
2024-01-09,144.16784952827908,144.7325784523655,144.06054377905338,144.62527270313979,0
2024-01-10,144.62527270313979,144.85729490488637,143.83913634652362,144.0711585482702,0
2024-01-11,144.0711585482702,144.48794929165558,143.9442488938813,144.36103963726669,0
2024-01-12,144.36103963726669,144.41525343611653,143.07311860337305,143.1273324022229,0
2024-01-15,143.1273324022229,143.36740553021923,142.61210238737598,142.85217551537232,0
2024-01-16,142.85217551537232,143.0526456278716,141.47797213455306,141.67844224705235,0
2024-01-17,141.67844224705235,142.6653813168298,141.65624358530684,142.6431826550843,0
2024-01-18,142.6431826550843,142.9076351501109,142.48838068736555,142.75283318239215,0
2024-01-19,142.75283318239215,142.9154103654101,142.36889615264838,142.53147333566633,0
2024-01-22,142.53147333566633,142.7730032197763,141.8099690386591,142.05149892276907,0
2024-01-23,142.05149892276907,142.16055509118556,141.13431174291173,141.24336791132822,0
2024-01-24,141.24336791132822,141.34415827516113,140.65199364873487,140.7527840125678,0
2024-01-25,140.7527840125678,141.49710063534494,140.27974916732074,141.0240657900979,0
2024-01-26,141.0240657900979,142.16065697806093,141.01543066511218,142.1520218530752,0
2024-01-29,142.1520218530752,143.40442603071676,141.996935917011,143.24934009465255,0
2024-01-30,143.24934009465255,143.39535320247163,143.20559110678403,143.3516042146031,0
2024-01-31,143.3516042146031,144.0733407553235,143.3314561494359,144.0531926901563,0
2024-02-01,144.0531926901563,144.79728793148809,143.7713588296331,144.5154540709649,0
2024-02-02,144.5154540709649,144.56728313039974,142.9660204034896,143.01784946292446,0
2024-02-05,143.01784946292446,143.23064502956518,140.6698793432446,140.8826749098853,0
2024-02-06,140.8826749098853,140.90668528323098,140.72762868032282,140.7516390536685,0
2024-02-07,140.7516390536685,140.7539180915842,140.6703467079724,140.67262574588813,0
2024-02-08,140.67262574588813,141.3043225351634,140.37823859880342,141.0099353880787,0
2024-02-09,141.0099353880787,141.0583272754272,140.13003420645788,140.17842609380637,0
2024-02-12,140.17842609380637,141.63113210484838,139.92172603786256,141.37443204890457,0
2024-02-13,141.37443204890457,142.09015852853943,141.1377885446383,141.85351502427318,0
2024-02-14,141.85351502427318,143.47507415491734,141.3769568072918,142.99851593793596,0
2024-02-15,142.99851593793596,143.16265454665316,142.3418305032797,142.5059691119969,0
2024-02-16,142.5059691119969,143.01651001356666,142.49323747769782,143.00377837926757,0
2024-02-19,143.00377837926757,143.34373987368423,142.4569124205395,142.79687391495617,0
2024-02-20,142.79687391495617,143.1788747686631,142.5117726100953,142.89377346380223,0
2024-02-21,142.89377346380223,143.2742333323332,142.83852943156995,143.21898930010093,0
2024-02-22,143.21898930010093,143.31623752564317,142.39247852208783,142.48972674763007,0
2024-02-23,142.48972674763007,143.3289909830837,142.42695841983593,143.26622265528957,0
2024-02-26,143.26622265528957,144.7340506203925,142.865758766631,144.33358673173393,0
2024-02-27,144.33358673173393,145.50736988424882,144.3075769541725,145.4813601066874,0
2024-02-28,145.4813601066874,146.04466788431947,145.0638290379233,145.6271368155554,0
2024-02-29,145.6271368155554,146.37646134094496,145.301515637297,146.05084016268657,0
2024-03-01,146.05084016268657,147.02528651504431,145.75640239714895,146.7308487495067,0
2024-03-04,146.7308487495067,147.4908286741984,146.67878905036977,147.4387689750615,0
2024-03-05,147.4387689750615,147.59751159056333,145.7037563466097,145.86249896211154,0
2024-03-06,145.86249896211154,145.9105988627073,144.62191744273127,144.67001734332703,0
2024-03-07,144.67001734332703,144.80507791377298,143.40386175814953,143.53892232859548,0
2024-03-08,143.53892232859548,143.58812141322807,143.04262469951115,143.09182378414374,0
2024-03-11,143.09182378414374,143.2894335781073,141.72821977249825,141.9258295664618,0
2024-03-12,141.9258295664618,142.15860811046684,141.56009776700836,141.7928763110134,0
2024-03-13,141.7928763110134,141.96693879162086,141.63028364361824,141.8043461242257,0
2024-03-14,141.8043461242257,142.32158640789936,141.6399252691361,142.15716555280977,0
2024-03-15,142.15716555280977,142.88319816360132,141.92646024076507,142.65249285155662,0
2024-03-18,142.65249285155662,143.33184538160194,142.55456563994304,143.23391816998836,0
2024-03-19,143.23391816998836,143.76304005913187,142.85293215494218,143.3820540440857,0
2024-03-20,143.3820540440857,143.81023625083586,143.16055197926266,143.58873418601283,0
2024-03-21,143.58873418601283,144.55704793995457,143.42128129236676,144.3895950463085,0
2024-03-22,144.3895950463085,145.22540019988804,144.02470220767927,144.8605073612588,0
2024-03-25,144.8605073612588,145.88146878691472,144.7436580538116,145.7646194794675,0
2024-03-26,145.7646194794675,146.02660644737915,144.9215396456626,145.18352661357423,0
2024-03-27,145.18352661357423,145.23363616396412,145.110253624558,145.1603631749479,0
2024-03-28,145.1603631749479,145.17765879026246,144.74926839626448,144.76656401157905,0
2024-03-29,144.76656401157905,145.10859122081717,144.3289658541838,144.67099306342192,0
2024-04-01,144.67099306342192,144.89425092780365,144.00843209324734,144.23168995762907,0
2024-04-02,144.23168995762907,144.4029578217044,143.45691839076414,143.62818625483948,0
2024-04-03,143.62818625483948,143.7372011759415,143.4565597932073,143.56557471430932,0
2024-04-04,143.56557471430932,144.69526195365944,143.41376002231277,144.5434472616629,0
2024-04-05,144.5434472616629,144.88580013582276,144.10602271982438,144.44837559398425,0
2024-04-08,144.44837559398425,145.2565141922622,144.4423890910326,145.25052768931053,0
2024-04-09,145.25052768931053,145.38955933999756,145.17519390219488,145.3142255528819,0
2024-04-10,145.3142255528819,145.75477222487714,145.2306572259657,145.67120389796094,0
2024-04-11,145.67120389796094,145.86168395046036,145.13161143318706,145.32209148568649,0
2024-04-12,145.32209148568649,145.3545250390115,144.53219467214564,144.56462822547064,0
2024-04-15,144.56462822547064,144.93968573267543,143.38653124278224,143.76158874998703,0
2024-04-16,143.76158874998703,144.71223746644753,143.44342867279656,144.39407738925706,0
2024-04-17,144.39407738925706,144.52216804257705,144.24902660611394,144.37711725943393,0
2024-04-18,144.37711725943393,144.69030887026747,143.42142428608548,143.73461589691902,0
2024-04-19,143.73461589691902,143.98663469763565,142.96832986524217,143.2203486659588,0
2024-04-22,143.2203486659588,143.31077027775052,142.6771201566383,142.76754176843002,0
2024-04-23,142.76754176843002,144.07647171026264,142.64078237861506,143.94971232044767,0
2024-04-24,143.94971232044767,144.1815588275381,142.8901512984527,143.12199780554315,0
2024-04-25,143.12199780554315,143.18018108909473,142.45040066306444,142.50858394661603,0
2024-04-26,142.50858394661603,143.37643439225826,142.50185564596555,143.36970609160778,0
2024-04-29,143.36970609160778,143.39739506427196,143.01705362959635,143.04474260226053,0
2024-04-30,143.04474260226053,143.10564530478197,142.02979219657146,142.0906948990929,0
2024-05-01,142.0906948990929,142.09515144310004,141.90072493564764,141.90518147965477,0
2024-05-02,141.90518147965477,141.9500451335075,141.49316576137488,141.5380294152276,0
2024-05-03,141.5380294152276,141.5571081693035,141.0199061975576,141.03898495163347,0
2024-05-06,141.03898495163347,141.3865800993152,139.70585592964636,140.0534510773281,0
2024-05-07,140.0534510773281,140.1030562309963,140.0124827746738,140.06208792834198,0
2024-05-08,140.06208792834198,140.09381634241896,139.79477665127274,139.82650506534972,0
2024-05-09,139.82650506534972,140.63094494666413,139.51115689599555,140.31559677730996,0
2024-05-10,140.31559677730996,140.4428714652313,138.97628157049328,139.1035562584146,0
2024-05-13,139.1035562584146,139.24987422734017,139.0584749587636,139.20479292768917,0
2024-05-14,139.20479292768917,139.42703144784923,138.44732466989802,138.66956319005808,0
2024-05-15,138.66956319005808,139.02690357978398,138.41869989165914,138.77604028138504,0
2024-05-16,138.77604028138504,138.8819824669148,138.3885067598747,138.49444894540446,0
2024-05-17,138.49444894540446,140.9224574210088,138.33229770630132,140.76030618190566,0
2024-05-20,140.76030618190566,141.37047081970317,140.6777299579726,141.2878945957701,0
2024-05-21,141.2878945957701,141.60243024062262,141.27680320529285,141.59133885014538,0
2024-05-22,141.59133885014538,141.6507617432997,140.79510149639,140.85452438954434,0
2024-05-23,140.85452438954434,141.2673738511018,140.58215473380633,140.9950041953638,0
2024-05-24,140.9950041953638,141.14778058500224,139.9141841665024,140.06696055614083,0
2024-05-27,140.06696055614083,140.3150484167612,139.42013783594697,139.66822569656733,0
2024-05-28,139.66822569656733,139.80133599119628,139.54287170074525,139.6759819953742,0
2024-05-29,139.6759819953742,140.1740414353473,139.28916140597823,139.78722084595134,0
2024-05-30,139.78722084595134,140.0036510985562,139.62438934679446,139.8408195993993,0
2024-05-31,139.8408195993993,140.55008066731133,139.69271952413936,140.4019805920514,0
2024-06-03,140.4019805920514,140.65289767859133,139.63252838551324,139.88344547205318,0
2024-06-04,139.88344547205318,140.02504104137955,139.59177054078756,139.73336611011393,0
2024-06-05,139.73336611011393,140.31872785218928,138.53185360280753,139.11721534488288,0
2024-06-06,139.11721534488288,139.12877680470297,138.87410824906266,138.88566970888274,0
2024-06-07,138.88566970888274,139.4733753258409,138.86471356924318,139.45241918620133,0
2024-06-10,139.45241918620133,139.57921951820418,138.81006510486955,138.9368654368724,0
2024-06-11,138.9368654368724,139.13891184112757,137.67410503737787,137.87615144163303,0
2024-06-12,137.87615144163303,138.39653982328878,137.83352776751772,138.35391614917347,0
2024-06-13,138.35391614917347,138.98249980572302,138.2555369883382,138.88412064488776,0
2024-06-14,138.88412064488776,139.04327106276284,138.52783978086393,138.686990198739,0
2024-06-17,138.686990198739,138.72387713370836,137.90395322845106,137.9408401634204,0
2024-06-18,137.9408401634204,137.97465365706432,137.25425326280566,137.28806675644958,0
2024-06-19,137.28806675644958,137.4183546209296,136.6847421609531,136.81503002543312,0
2024-06-20,136.81503002543312,136.9527573793294,135.65979888159384,135.79752623549012,0
2024-06-21,135.79752623549012,136.25567325384395,134.16576380345924,134.62391082181307,0
2024-06-24,134.62391082181307,134.82579093562805,133.54158585979687,133.74346597361185,0
2024-06-25,133.74346597361185,134.34779501937868,133.5334641613599,134.13779320712672,0
2024-06-26,134.13779320712672,134.7629777857401,134.09462029594846,134.71980487456185,0
2024-06-27,134.71980487456185,134.99020697160157,134.01992874129738,134.2903308383371,0
2024-06-28,134.2903308383371,134.52541917464393,134.13985719589076,134.3749455321976,0
2024-07-01,134.3749455321976,135.00058242861914,134.20073259112033,134.82636948754188,0
2024-07-02,134.82636948754188,135.8910908694766,134.5077973966098,135.57251877854452,0
2024-07-03,135.57251877854452,136.66548369229332,135.33503352446007,136.42799843820887,0
2024-07-04,136.42799843820887,136.54389656450223,136.11391023432222,136.22980836061558,0
2024-07-05,136.22980836061558,136.3461796064008,136.1890059166632,136.30537716244842,0
2024-07-08,136.30537716244842,136.55541553880818,136.2267909008535,136.47682927721326,0
2024-07-09,136.47682927721326,137.2034415901035,136.2418027504048,136.96841506329503,0
2024-07-10,136.96841506329503,137.86400657873733,136.90092323448604,137.79651474992835,0
2024-07-11,137.79651474992835,138.06209142298255,136.78593592116135,137.05151259421555,0
2024-07-12,137.05151259421555,137.54187864052614,136.93421954491592,137.4245855912265,0
2024-07-15,137.4245855912265,137.57933911981814,136.8094964459919,136.96424997458354,0
2024-07-16,136.96424997458354,137.1037046879242,136.81785906731102,136.95731378065167,0
2024-07-17,136.95731378065167,138.15489862112622,136.60850245796493,137.80608729843948,0
2024-07-18,137.80608729843948,138.0181904061044,137.51472829745396,137.72683140511887,0
2024-07-19,137.72683140511887,138.00993574954705,137.5540338886709,137.83713823309907,0
2024-07-22,137.83713823309907,138.01702969416573,137.7945043318663,137.97439579293297,0
2024-07-23,137.97439579293297,138.0372925747566,137.6652204422908,137.72811722411444,0
2024-07-24,137.72811722411444,138.23873194043145,137.62919172842402,138.13980644474103,0
2024-07-25,138.13980644474103,138.2141969119697,137.39760447094403,137.4719949381727,0
2024-07-26,137.4719949381727,138.61863202003045,137.1673578025486,138.31399488440633,0
2024-07-29,138.31399488440633,138.7182195169301,138.30876392463566,138.71298855715943,0
2024-07-30,138.71298855715943,139.18493333865615,138.27915062507404,138.75109540657076,0
2024-07-31,138.75109540657076,139.11050440948537,138.64950078628263,139.00890978919725,0
2024-08-01,139.00890978919725,140.26999303799056,138.66627915816338,139.9273624069567,0
2024-08-02,139.9273624069567,140.90878280366167,139.79784191023958,140.77926230694456,0
2024-08-05,140.77926230694456,141.69771916849857,140.62810734217436,141.54656420372837,0
2024-08-06,141.54656420372837,141.62975642519274,141.4172538049391,141.50044602640347,0
2024-08-07,141.50044602640347,141.6253124073705,140.75220105695902,140.87706743792606,0
2024-08-08,140.87706743792606,141.15595481235556,140.5547888529498,140.8336762273793,0
2024-08-09,140.8336762273793,141.0087422811928,140.78352326925844,140.95858932307195,0
2024-08-12,140.95858932307195,141.61855302335746,140.70160141018872,141.36156511047423,0
2024-08-13,141.36156511047423,141.53694584141456,141.064181541223,141.23956227216334,0
2024-08-14,141.23956227216334,141.76731836717227,141.019081901015,141.54683799602392,0
2024-08-15,141.54683799602392,141.73624675400748,140.9195225641121,141.10893132209566,0
2024-08-16,141.10893132209566,141.43132580120928,140.90070202608499,141.2230965051986,0
2024-08-19,141.2230965051986,141.34239840764423,140.52167590867018,140.6409778111158,0
2024-08-20,140.6409778111158,140.88805708573486,140.5068645370715,140.75394381169056,0
2024-08-21,140.75394381169056,140.89513604156792,139.66964632252942,139.81083855240678,0
2024-08-22,139.81083855240678,139.91216930461127,138.91537841024063,139.01670916244512,0
2024-08-23,139.01670916244512,139.1323643326229,138.7196081843219,138.8352633544997,0
2024-08-26,138.8352633544997,138.91122461033873,138.09542555321318,138.17138680905222,0
2024-08-27,138.17138680905222,138.82708192191558,137.99899091602148,138.65468602888484,0
2024-08-28,138.65468602888484,139.44697387380154,138.3975359337742,139.1898237786909,0
2024-08-29,139.1898237786909,140.147284942652,138.7385825787993,139.6960437427604,0
2024-08-30,139.6960437427604,139.7646772945615,139.64020641533176,139.70883996713286,0
2024-09-02,139.70883996713286,140.09846865270185,139.68406301022748,140.07369169579647,0
2024-09-03,140.07369169579647,140.19156427780422,140.00275176480287,140.12062434681062,0
2024-09-04,140.12062434681062,140.48439820249513,139.97713336044723,140.34090721613174,0
2024-09-05,140.34090721613174,140.57734126208268,139.97976134668502,140.21619539263597,0
2024-09-06,140.21619539263597,141.74276336415474,140.21235808473796,141.73892605625673,0
2024-09-09,141.73892605625673,142.60289024864448,141.25051537791154,142.1144795702993,0
2024-09-10,142.1144795702993,142.79407370025123,141.7254959204942,142.40509005044615,0
2024-09-11,142.40509005044615,142.45268447068864,141.1672514641432,141.21484588438568,0
2024-09-12,141.21484588438568,141.38016068282468,140.4022427858631,140.5675575843021,0
2024-09-13,140.5675575843021,141.32747653175687,140.5501304706584,141.31004941811315,0
2024-09-16,141.31004941811315,141.9903492222234,140.90902145143588,141.5893212555461,0
2024-09-17,141.5893212555461,141.7882904708394,141.26300335298322,141.4619725682765,0
2024-09-18,141.4619725682765,141.9737511482537,141.23376555182523,141.74554413180243,0
2024-09-19,141.74554413180243,142.07489857653638,140.50192251301084,140.8312769577448,0
2024-09-20,140.8312769577448,141.05131156642236,140.61565257794305,140.83568718662062,0
2024-09-23,140.83568718662062,142.58088538514562,140.6976692921798,142.4428674907048,0
2024-09-24,142.4428674907048,143.44576537718197,142.1641890545891,143.16708694106626,0
2024-09-25,143.16708694106626,144.21211665423183,143.08487936231185,144.12990907547743,0
2024-09-26,144.12990907547743,144.18334544393937,143.71576964562084,143.76920601408278,0
2024-09-27,143.76920601408278,144.3519869011159,141.87539377886634,142.45817466589946,0
2024-09-30,142.45817466589946,143.3162934602408,142.33410090179768,143.192219696139,0
2024-10-01,143.192219696139,143.2481348583833,142.46863284783015,142.52454801007445,0
2024-10-02,142.52454801007445,143.6011739448385,142.5003309889008,143.57695692366485,0
2024-10-03,143.57695692366485,143.83454965805294,143.54070379402083,143.7982965284089,0
2024-10-04,143.7982965284089,143.96412296697238,143.27084422103292,143.4366706595964,0
2024-10-07,143.4366706595964,143.81649976569807,143.1140447992369,143.49387390533857,0
2024-10-08,143.49387390533857,143.5156584291317,143.17840313625473,143.20018766004785,0
2024-10-09,143.20018766004785,143.34199539417574,141.06294658183748,141.20475431596537,0
2024-10-10,141.20475431596537,142.15867581464457,141.11551054468552,142.0694320433647,0
2024-10-11,142.0694320433647,142.107520357137,142.01400034381209,142.05208865758436,0
2024-10-14,142.05208865758436,143.11909952083738,141.70541322702385,142.77242409027687,0
2024-10-15,142.77242409027687,143.75130015680014,142.25866983346788,143.23754589999115,0
2024-10-16,143.23754589999115,143.38887913275678,141.90455662070835,142.05588985347399,0
2024-10-17,142.05588985347399,142.24750715080393,141.99387219571,142.18548949303994,0
2024-10-18,142.18548949303994,142.77006971128085,141.8331067707355,142.4176869889764,0
2024-10-21,142.4176869889764,143.15136174002325,142.35040732645768,143.08408207750452,0
2024-10-22,143.08408207750452,143.12969682952416,142.15582602573207,142.2014407777517,0
2024-10-23,142.2014407777517,144.07203301188255,142.0510933866342,143.92168562076503,0
2024-10-24,143.92168562076503,144.08803115167365,143.07694317452334,143.24328870543195,0
2024-10-25,143.24328870543195,143.54013339206347,142.39552725464668,142.6923719412782,0
2024-10-28,142.6923719412782,142.92513592763487,141.66744821884853,141.9002122052052,0
2024-10-29,141.9002122052052,142.575397874357,141.89185095824442,142.56703662739622,0
2024-10-30,142.56703662739622,142.69537680755133,142.02980447546636,142.15814465562147,0
2024-10-31,142.15814465562147,142.56940510744928,141.61089073367788,142.0221511855057,0
2024-11-01,142.0221511855057,143.58751806739545,141.7954431733665,143.36081005525625,0
2024-11-04,143.36081005525625,144.2348838824921,143.21925355318035,144.0933273804162,0
2024-11-05,144.0933273804162,144.11686138273427,144.0531606271517,144.07669462946976,0
2024-11-06,144.07669462946976,145.23615838930053,143.5261897341306,144.68565349396138,0
2024-11-07,144.68565349396138,144.81457924870685,144.59569462647465,144.72462038122012,0
2024-11-08,144.72462038122012,144.98831773484568,144.57736117147533,144.8410585251009,0
2024-11-11,144.8410585251009,144.952497257955,144.10522502017693,144.21666375303104,0
2024-11-12,144.21666375303104,144.39733563212204,143.40251137487212,143.5831832539631,0
2024-11-13,143.5831832539631,143.79530763904197,143.38450165202576,143.5966260371046,0
2024-11-14,143.5966260371046,143.86730996703196,142.95058967800944,143.22127360793678,0
2024-11-15,143.22127360793678,143.96215396425615,143.05310162896598,143.79398198528534,0
2024-11-18,143.79398198528534,144.9720732466899,143.6183114141595,144.79640267556405,0
2024-11-19,144.79640267556405,145.54435934720735,144.56249479689902,145.3104514685423,0
2024-11-20,145.3104514685423,146.07150127939363,145.1580923620781,145.9191421729294,0
2024-11-21,145.9191421729294,146.3183887269197,144.5311702134656,144.93041676745588,0
2024-11-22,144.93041676745588,145.1190678277826,144.04098025240296,144.22963131272968,0
2024-11-25,144.22963131272968,145.03843962947062,144.18017947098923,144.98898778773017,0
2024-11-26,144.98898778773017,145.71328713631416,144.75971128510173,145.48401063368573,0
2024-11-27,145.48401063368573,145.71998649781634,145.37001916047103,145.60599502460164,0
2024-11-28,145.60599502460164,145.93636216328696,144.58896316540034,144.91933030408566,0
2024-11-29,144.91933030408566,145.93143720859482,144.87634401800278,145.88845092251194,0
2024-12-02,145.88845092251194,145.9635658692457,145.25229076864485,145.32740571537863,0
2024-12-03,145.32740571537863,145.60759645866747,144.4533476565456,144.73353839983443,0
2024-12-04,144.73353839983443,144.96985665303572,144.66578801294236,144.90210626614365,0
2024-12-05,144.90210626614365,145.6494798138158,144.77443733808545,145.5218108857576,0
2024-12-06,145.5218108857576,146.15711531166698,145.41413508985056,146.04943951575996,0
2024-12-09,146.04943951575996,146.13382611422887,145.47164600571728,145.55603260418619,0
2024-12-10,145.55603260418619,146.29271076148066,145.07764380716372,145.8143219644582,0
2024-12-11,145.8143219644582,145.88599059092917,145.7614116863955,145.83308031286646,0
2024-12-12,145.83308031286646,145.8534749399641,145.78402810637982,145.80442273347745,0
2024-12-13,145.80442273347745,146.3822821617767,145.57645615385195,146.15431558215118,0
2024-12-16,146.15431558215118,146.48066950507794,145.49800686194803,145.82436078487478,0
2024-12-17,145.82436078487478,146.2027090692857,145.39329901069235,145.77164729510326,0
2024-12-18,145.77164729510326,146.50078839491948,145.67679872873555,146.40593982855177,0
2024-12-19,146.40593982855177,146.46269009489913,145.76820913865876,145.82495940500613,0
2024-12-20,145.82495940500613,146.9540580197997,145.7385924112779,146.86769102607147,0
2024-12-23,146.86769102607147,147.5756825646601,146.56961285617317,147.2776043947618,0
2024-12-24,147.2776043947618,148.0300675925493,146.90828238309157,147.66074558087908,0
2024-12-25,147.66074558087908,148.0329819623912,147.43726279660825,147.80949917812038,0
2024-12-26,147.80949917812038,147.8407630414255,147.79251077998984,147.82377464329497,0
2024-12-27,147.82377464329497,148.06217533128196,147.4470112384561,147.6854119264431,0
2024-12-30,147.6854119264431,147.76941929951667,146.20486241741614,146.2888697904897,0
2024-12-31,146.2888697904897,147.07800981459533,145.9371584587214,146.72629848282702,0
2025-01-01,146.72629848282702,146.95665603788223,146.6635459422009,146.8939034972561,0
2025-01-02,146.8939034972561,148.03951770964346,146.6587670567691,147.80438126915647,0
2025-01-03,147.80438126915647,147.81942600508472,147.77740350201356,147.7924482379418,0
2025-01-06,147.7924482379418,148.35555815478364,147.73863649290675,148.30174640974857,0
2025-01-07,148.30174640974857,148.70870761881469,147.7993510835624,148.20631229262852,0
2025-01-08,148.20631229262852,149.90310351998406,148.1107459679296,149.80753719528514,0
2025-01-09,149.80753719528514,149.9007201335777,148.9334221336264,149.02660507191896,0
2025-01-10,149.02660507191896,149.04925086490857,148.73519399915315,148.75783979214276,0
2025-01-13,148.75783979214276,148.8427557786341,148.2900774838069,148.37499347029825,0
2025-01-14,148.37499347029825,148.4069613561969,147.67963704422613,147.71160493012476,0
2025-01-15,147.71160493012476,147.74009075762692,146.99119616566477,147.01968199316693,0
2025-01-16,147.01968199316693,147.18200576949184,145.4044721843249,145.5667959606498,0
2025-01-17,145.5667959606498,146.25025172816024,144.61840955027236,145.30186531778278,0
2025-01-20,145.30186531778278,146.06908630309493,144.9687605756897,145.73598156100186,0
2025-01-21,145.73598156100186,146.27001348590738,144.69212386017924,145.22615578508476,0
2025-01-22,145.22615578508476,145.43843264161632,144.67070754495958,144.88298440149114,0
2025-01-23,144.88298440149114,145.041911797594,144.738928139993,144.89785553609585,0
2025-01-24,144.89785553609585,146.06815112805057,144.77964996493353,145.94994555688825,0
2025-01-27,145.94994555688825,146.31153016978783,145.76724819387994,146.1288328067795,0
2025-01-28,146.1288328067795,147.2527481453721,145.97750971245645,147.10142505104903,0
2025-01-29,147.10142505104903,147.14695190877924,146.67926149114209,146.7247883488723,0
2025-01-30,146.7247883488723,147.73066126305855,146.47081004718913,147.4766829613754,0
2025-01-31,147.4766829613754,148.51243745610748,147.3548301383433,148.39058463307538,0
2025-02-03,148.39058463307538,148.8509869830769,146.83435623002495,147.29475858002647,0
2025-02-04,147.29475858002647,148.15924888785588,147.07135833307555,147.93584864090496,0
2025-02-05,147.93584864090496,148.2032773848312,147.57314117412835,147.8405699180546,0
2025-02-06,147.8405699180546,148.77526755318178,147.62368987664405,148.55838751177123,0
2025-02-07,148.55838751177123,148.71144292687518,146.64889810065785,146.8019535157618,0
2025-02-10,146.8019535157618,147.50858259329883,146.68119194927328,147.38782102681031,0
2025-02-11,147.38782102681031,147.82189442034613,146.66766602070703,147.10173941424284,0
2025-02-12,147.10173941424284,147.52776292491922,147.08318241048153,147.5092059211579,0
2025-02-13,147.5092059211579,148.00123391757845,147.30817833607702,147.80020633249757,0
2025-02-14,147.80020633249757,147.8278630140172,146.79785180574132,146.82550848726095,0
2025-02-17,146.82550848726095,148.1085795335813,146.63081149528233,147.91388254160267,0
2025-02-18,147.91388254160267,149.18428108193672,147.54732438941227,148.8177229297463,0
2025-02-19,148.8177229297463,148.8380999221576,146.36906948583947,146.38944647825076,0
2025-02-20,146.38944647825076,146.68460824999866,146.34571723036,146.6408790021079,0
2025-02-21,146.6408790021079,147.80957788049912,146.4070152719299,147.57571415032112,0
2025-02-24,147.57571415032112,148.38742246113532,147.2691114437903,148.0808197546045,0
2025-02-25,148.0808197546045,148.37886011476448,147.21906946930784,147.5171098294678,0
2025-02-26,147.5171098294678,148.30180150079218,147.30114583628657,148.08583750761093,0
2025-02-27,148.08583750761093,148.23199062467296,147.37485022854577,147.5210033456078,0
2025-02-28,147.5210033456078,147.54831507736455,146.68719066842823,146.71450240018498,0
2025-03-03,146.71450240018498,147.06843703348554,146.66184475797527,147.01577939127583,0
2025-03-04,147.01577939127583,147.138603536981,146.9021546991987,147.02497884490387,0
2025-03-05,147.02497884490387,147.08730852326264,146.95337013771186,147.01569981607062,0
2025-03-06,147.01569981607062,147.71333015822353,146.96551421898934,147.66314456114225,0
2025-03-07,147.66314456114225,148.4432769133612,147.51628895353,148.29642130574894,0
2025-03-10,148.29642130574894,148.49726541383893,148.28973544881484,148.49057955690483,0
2025-03-11,148.49057955690483,148.9902771185292,147.20435705674402,147.7040546183684,0
2025-03-12,147.7040546183684,147.77112916624745,146.7328304755124,146.79990502339146,0
2025-03-13,146.79990502339146,147.36134907162892,146.6937996608955,147.25524370913297,0
2025-03-14,147.25524370913297,147.3220805594856,146.828047894759,146.89488474511165,0
2025-03-17,146.89488474511165,147.08513363453224,146.04989953576617,146.24014842518676,0
2025-03-18,146.24014842518676,147.422042907013,145.79904200094413,146.98093648277037,0
2025-03-19,146.98093648277037,147.42172000900152,146.89733109453914,147.33811462077028,0
2025-03-20,147.33811462077028,148.70454461261681,146.89293609305565,148.25936608490218,0
2025-03-21,148.25936608490218,148.5197879917611,146.7240158595911,146.98443776645001,0
2025-03-24,146.98443776645001,147.89577611628644,146.9469179784394,147.85825632827581,0
2025-03-25,147.85825632827581,149.11277571306402,147.55289363202638,148.8074130168146,0
2025-03-26,148.8074130168146,149.2728426375416,148.55137912064737,149.01680874137438,0
2025-03-27,149.01680874137438,149.63549924983295,148.84709308979436,149.46578359825293,0
2025-03-28,149.46578359825293,150.1616995649731,149.2946586486712,149.99057461539138,0
2025-03-31,149.99057461539138,150.1357701213956,149.38373873856992,149.52893424457415,0
2025-04-01,149.52893424457415,149.605828071016,149.15292192669082,149.22981575313267,0
2025-04-02,149.22981575313267,149.55396633066994,149.2145030746994,149.53865365223666,0
2025-04-03,149.53865365223666,149.61918688920753,149.26329193672782,149.3438251736987,0
2025-04-04,149.3438251736987,149.7661127519231,149.18943288027512,149.61172045849952,0
2025-04-07,149.61172045849952,149.80099666720469,148.35907483516658,148.54835104387175,0
2025-04-08,148.54835104387175,148.60962029911332,148.53496506472345,148.59623431996502,0
2025-04-09,148.59623431996502,149.0028242351669,148.4439853750865,148.8505752902884,0
2025-04-10,148.8505752902884,149.2102290321567,146.8512867715778,147.2109405134461,0
2025-04-11,147.2109405134461,147.30171429795573,147.00770931200543,147.09848309651505,0
2025-04-14,147.09848309651505,147.13484235562407,147.06012551485114,147.09648477396016,0
2025-04-15,147.09648477396016,147.4729370202348,147.03858706121483,147.41503930748948,0
2025-04-16,147.41503930748948,147.8937854783758,147.2083799931461,147.68712616403243,0
2025-04-17,147.68712616403243,148.43737989829424,147.60893726837133,148.35919100263314,0
2025-04-18,148.35919100263314,149.35301138054493,147.7485486520053,148.74236902991709,0
2025-04-21,148.74236902991709,148.91980472348155,148.11218809197894,148.2896237855434,0
2025-04-22,148.2896237855434,148.43301924010385,147.4459970471708,147.58939250173125,0
2025-04-23,147.58939250173125,147.79894588110108,147.55319662710562,147.76275000647544,0
2025-04-24,147.76275000647544,148.90292988001437,147.65039799791077,148.7905778714497,0
2025-04-25,148.7905778714497,149.19310112113078,147.51264215865925,147.91516540834033,0
2025-04-28,147.91516540834033,147.94206788775176,146.95686286143368,146.9837653408451,0
2025-04-29,146.9837653408451,146.99522040109977,146.4027720482825,146.41422710853715,0
2025-04-30,146.41422710853715,146.63119255785006,145.12485504736802,145.34182049668092,0
2025-05-01,145.34182049668092,145.5840739212401,144.66860811393283,144.91086153849201,0
2025-05-02,144.91086153849201,145.04586226034937,144.4382972009803,144.57329792283764,0
2025-05-05,144.57329792283764,144.83806666423544,143.77590544178167,144.04067418317948,0
2025-05-06,144.04067418317948,144.06321397455923,143.75276142404593,143.77530121542569,0
2025-05-07,143.77530121542569,144.39308622875205,143.59408253256242,144.2118675458888,0
2025-05-08,144.2118675458888,144.32268952877217,144.19159726954933,144.3024192524327,0
2025-05-09,144.3024192524327,144.57015186746554,143.34474269577404,143.61247531080687,0
2025-05-12,143.61247531080687,144.52356221767985,143.40996138742372,144.3210482942967,0
2025-05-13,144.3210482942967,145.043973163189,144.22000648385716,144.94293135274947,0
2025-05-14,144.94293135274947,145.0666947004508,144.73306829168996,144.8568316393913,0
2025-05-15,144.8568316393913,145.02502634422538,144.7761418803302,144.94433658516428,0
2025-05-16,144.94433658516428,145.17119723759913,144.89160845471304,145.1184691071479,0
2025-05-19,145.1184691071479,146.32576938344747,145.05037633404714,146.25767661034672,0
2025-05-20,146.25767661034672,146.29416285074643,145.3016748595388,145.3381610999385,0
2025-05-21,145.3381610999385,145.85561599392773,145.1490285710549,145.66648346504414,0
2025-05-22,145.66648346504414,145.68900085097607,145.54193461609083,145.56445200202276,0
2025-05-23,145.56445200202276,145.6666859449011,144.738494753446,144.84072869632433,0
2025-05-26,144.84072869632433,145.79613131876582,144.66167196930994,145.61707459175142,0
2025-05-27,145.61707459175142,146.04432235199178,144.78686856535532,145.21411632559568,0
2025-05-28,145.21411632559568,148.02816394227995,145.20293159933337,148.01697921601763,0
2025-05-29,148.01697921601763,148.21774197271486,148.00771484768714,148.20847760438437,0
2025-05-30,148.20847760438437,148.50806088526306,147.6742856357704,147.97386891664908,0
2025-06-02,147.97386891664908,148.16557259797128,147.73647923087572,147.9281829121979,0
2025-06-03,147.9281829121979,148.26614103212083,147.79340507240977,148.13136319233269,0
2025-06-04,148.13136319233269,149.2069597228088,148.0611707330216,149.13676726349772,0
2025-06-05,149.13676726349772,149.52554743596306,148.97152026553422,149.36030043799957,0
2025-06-06,149.36030043799957,150.17337692916954,149.28470763355114,150.0977841247211,0
2025-06-09,150.0977841247211,150.52904195658604,149.8979637245882,150.32922155645315,0
2025-06-10,150.32922155645315,150.7184166547588,150.20116661004315,150.5903617083488,0
2025-06-11,150.5903617083488,150.67025788660277,150.23954892102242,150.31944509927638,0
2025-06-12,150.31944509927638,150.62168872915413,148.3187242629924,148.62096789287014,0
2025-06-13,148.62096789287014,149.12778045313047,148.59410231081083,149.10091487107115,0
2025-06-16,149.10091487107115,149.7169136789589,148.9752790483626,149.59127785625034,0
2025-06-17,149.59127785625034,150.04203618500088,149.51473571086683,149.96549403961737,0
2025-06-18,149.96549403961737,150.4440811175054,149.65225525637655,150.13084233426457,0
2025-06-19,150.13084233426457,150.26393269480482,149.53250140179267,149.66559176233292,0
2025-06-20,149.66559176233292,150.1255681279976,149.5720622980282,150.03203866369287,0
2025-06-23,150.03203866369287,150.43589649708957,149.9291004566021,150.3329582899988,0
2025-06-24,150.3329582899988,151.0798795087895,150.15731719105082,150.90423840984153,0
2025-06-25,150.90423840984153,150.98141530161274,150.45451979209807,150.53169668386928,0
2025-06-26,150.53169668386928,150.5918046221063,149.86487532735097,149.924983265588,0
2025-06-27,149.924983265588,150.72819393183326,149.7864493065014,150.58965997274666,0
2025-06-30,150.58965997274666,150.9233266519925,150.51493930972902,150.84860598897487,0
2025-07-01,150.84860598897487,151.55484600251262,150.62675316723016,151.33299318076791,0
2025-07-02,151.33299318076791,151.54166719220095,151.08614048137179,151.29481449280482,0
2025-07-03,151.29481449280482,151.6797361841625,151.19428313776902,151.5792048291267,0
2025-07-04,151.5792048291267,153.39954860820978,151.4666300232588,153.2869738023419,0
2025-07-07,153.2869738023419,153.66659019611927,153.0811613347522,153.4607777285296,0
2025-07-08,153.4607777285296,154.07214007667798,153.29009026152656,153.90145260967495,0
2025-07-09,153.90145260967495,154.02196678226773,153.89958448123915,154.02009865383192,0
2025-07-10,154.02009865383192,155.75781340298653,153.5798018697174,155.317516618872,0
2025-07-11,155.317516618872,156.02463164120869,155.30717009995695,156.01428512229364,0
2025-07-14,156.01428512229364,156.12513956761885,155.89266512433755,156.00351956966276,0
2025-07-15,156.00351956966276,156.2091517092721,155.92494779746272,156.13057993707207,0
2025-07-16,156.13057993707207,156.6881973303902,156.00277303647695,156.5603904297951,0
2025-07-17,156.5603904297951,157.08394852246403,156.4974188305068,157.02097692317574,0
2025-07-18,157.02097692317574,157.1494769486116,156.7324960439101,156.86099606934596,0
2025-07-21,156.86099606934596,156.97412846651676,155.89562300659648,156.00875540376728,0
2025-07-22,156.00875540376728,156.20439995426779,155.9151105498268,156.1107551003273,0
2025-07-23,156.1107551003273,156.64643939623656,155.82736930703769,156.36305360294693,0
2025-07-24,156.36305360294693,156.46356354749122,155.59643911234548,155.69694905688976,0
2025-07-25,155.69694905688976,155.92530331581432,155.49437808593345,155.722732344858,0
2025-07-28,155.722732344858,156.4010828134093,155.45760462043327,156.13595508898456,0
2025-07-29,156.13595508898456,157.28881809359777,155.82099924795526,156.97386225256847,0
2025-07-30,156.97386225256847,157.13034530811257,156.92958458311534,157.08606763865944,0
2025-07-31,157.08606763865944,158.07237594099095,156.77309861741585,157.75940691974736,0
2025-08-01,157.75940691974736,158.33335085183856,157.65927272599023,158.23321665808143,0
2025-08-04,158.23321665808143,158.73893505623622,157.99156288639477,158.49728128454956,0
2025-08-05,158.49728128454956,158.5713008003107,156.7084821739728,156.78250168973395,0
2025-08-06,156.78250168973395,157.02535566062375,156.2103058463237,156.4531598172135,0
2025-08-07,156.4531598172135,157.11458638243911,154.7471779095156,155.40860447474122,0
2025-08-08,155.40860447474122,156.41657307731944,155.35267149355826,156.36064009613648,0
2025-08-11,156.36064009613648,156.58364139536036,154.80311612411285,155.02611742333673,0
2025-08-12,155.02611742333673,155.09676562020852,154.35010879956442,154.4207569964362,0
2025-08-13,154.4207569964362,154.69373379140475,154.4203955358913,154.69337233085983,0
2025-08-14,154.69337233085983,155.57305590206838,154.46720009172464,155.34688366293318,0
2025-08-15,155.34688366293318,155.52238450310043,154.67765973575115,154.8531605759184,0
2025-08-18,154.8531605759184,155.45914988209742,154.84917600850952,155.45516531468854,0
2025-08-19,155.45516531468854,155.74488415548396,155.0657184845402,155.35543732533563,0
2025-08-20,155.35543732533563,156.608831036581,154.9783759832701,156.23176969451546,0
2025-08-21,156.23176969451546,156.79138884777245,156.05509235570398,156.61471150896097,0
2025-08-22,156.61471150896097,157.9959773310873,156.39639873787374,157.77766456000006,0
2025-08-25,157.77766456000006,158.47954750876045,157.63167463422175,158.33355758298214,0
2025-08-26,158.33355758298214,158.681838372196,157.8598066312702,158.20808742048408,0
2025-08-27,158.20808742048408,158.99509895880115,158.04857523932898,158.83558677764606,0
2025-08-28,158.83558677764606,159.39692440939328,158.7367083977788,159.29804602952603,0
2025-08-29,159.29804602952603,160.86375379626975,159.00975118100675,160.57545894775046,0
2025-09-01,160.57545894775046,161.1332825622147,160.39110388554067,160.9489275000049,0
2025-09-02,160.9489275000049,161.25136187311372,159.28156805255395,159.58400242566276,0
2025-09-03,159.58400242566276,159.96533948049935,159.2523971993545,159.6337342541911,0
2025-09-04,159.6337342541911,161.27130978210724,159.24934610511144,160.88692163302758,0
2025-09-05,160.88692163302758,161.21828053133828,160.65641331934057,160.98777221765127,0
2025-09-08,160.98777221765127,161.05926871614128,160.22764859505932,160.29914509354933,0
2025-09-09,160.29914509354933,160.63342091012476,159.0083886302965,159.34266444687194,0
2025-09-10,159.34266444687194,159.67157602339793,159.03379202275295,159.36270359927894,0
2025-09-11,159.36270359927894,159.3850513190007,157.89039407252073,157.91274179224249,0
