session,ts_ist,note
S-W41,2025-09-12T00:00:00+05:30,Momentum (12/6/1m) × inverse-vol blend; top-30 normalized.
S-W39,2025-11-09T12:41:43.685582+05:30,ADV estimated from prices when available; otherwise fallback used. Slippage is indicative.
S-W40,2025-11-09T13:18:35.373255+05:30,wk40_exec_quality
S-W42,2025-11-09T13:48:33.623269+05:30,LTCG threshold = 365d; recommended_sell_date nudged to avoid ex-date within +3d.
S-W43,2025-11-09T14:09:06.522074+05:30,Barbell = L1(core) + L2(conviction) + L3(long-term); keep 30; per-name & optional sector caps.
S-W44,2025-11-09T14:22:26.342240+05:30,wk44_redteam
S-W38,2025-11-09T15:09:51+05:30,Turnover profile + reco
S-W39,2025-11-09T15:09:51+05:30,Capacity & liquidity audit (WIP)
S-W40,2025-11-09T15:09:51+05:30,Execution quality drill
S-W41,2025-11-09T15:09:51+05:30,Momentum tilt (12/6/1m × inv-vol)
S-W42,2025-11-09T15:09:51+05:30,After-tax schedule (LTCG/STCG)
S-W43,2025-11-09T15:09:51+05:30,Barbell compare (L1/L2/L3)
S-W44,2025-11-09T15:09:51+05:30,Red-team drill (all green)
S-W45,2025-11-09T15:30:43.655053+05:30,W45: E2E dry-run + production freeze + review pack
2025-11-09,S-PIPELINE,4.00,13453,missing,present,freeze_active
