{
  "as_of_ist": "2025-11-09T14:22:26.342240+05:30",
  "checks": [
    {
      "name": "existence_checks",
      "ok": true,
      "files_ok": true,
      "dirs_ok": true,
      "missing_files": [],
      "missing_dirs": []
    },
    {
      "name": "manifest_replay",
      "ok": true,
      "rows": 25,
      "notes": "rows=25; last_has=ts_utc,git_sha,artifact,config_hash; last_missing="
    },
    {
      "name": "backup_zip",
      "ok": true,
      "files": 3,
      "zip": "F:\\Projects\\trading_stack_py\\reports\\W44_redteam_snapshot.zip"
    },
    {
      "name": "canary_log_schema",
      "ok": true,
      "rows": 402
    },
    {
      "name": "kill_switch_config",
      "ok": true,
      "bytes": 1413
    },
    {
      "name": "missing_data_dir",
      "ok": true,
      "notes": "Temporarily moved data/csv → data/_csv_tmp_redteam.; Restored data/csv."
    }
  ],
  "exist_ok": true,
  "all_green": true,
  "files": {
    "summary_json": "F:\\Projects\\trading_stack_py\\reports\\wk44_redteam_summary.json",
    "report_md": "F:\\Projects\\trading_stack_py\\docs\\wk44_redteam_report.md"
  }
}