setting,rebalance,band_bps,annual_turnover,cost_drag_bps,tracking_corr,tracking_rmse_bps,notes
DAILY_band0,DAILY,0.0,,,,,"N=15, lookback=63, window_days=0"
MONTHLY_band0,MONTHLY,0.0,,,,,"N=15, lookback=63, window_days=0"
WEEKLY_band0,WEEKLY,0.0,,,,,"N=15, lookback=63, window_days=0"
DAILY_band10,DAILY,10.0,,,,,"N=15, lookback=63, window_days=0"
MONTHLY_band10,MONTHLY,10.0,,,,,"N=15, lookback=63, window_days=0"
WEEKLY_band10,WEEKLY,10.0,,,,,"N=15, lookback=63, window_days=0"
DAILY_band25,DAILY,25.0,,,,,"N=15, lookback=63, window_days=0"
MONTHLY_band25,MONTHLY,25.0,,,,,"N=15, lookback=63, window_days=0"
WEEKLY_band25,WEEKLY,25.0,,,,,"N=15, lookback=63, window_days=0"
DAILY_band50,DAILY,50.0,,,,,"N=15, lookback=63, window_days=0"
MONTHLY_band50,MONTHLY,50.0,,,,,"N=15, lookback=63, window_days=0"
WEEKLY_band50,WEEKLY,50.0,,,,,"N=15, lookback=63, window_days=0"
