date,ticker,side,qty,px_ref,px_source
2025-04-25,ASIANPAINT.NS,BUY,4504,100.0,synthetic
2025-04-25,AXISBANK.NS,BUY,4994,100.0,synthetic
2025-04-25,BAJFINANCE.NS,BUY,4908,100.0,synthetic
2025-04-25,BHARTIARTL.NS,BUY,4444,100.0,synthetic
2025-04-25,HCLTECH.NS,BUY,4972,100.0,synthetic
2025-04-25,HDFCBANK.NS,BUY,5593,100.0,synthetic
2025-04-25,ICICIBANK.NS,BUY,5210,100.0,synthetic
2025-04-25,INFY.NS,BUY,4937,100.0,synthetic
2025-04-25,ITC.NS,BUY,5581,100.0,synthetic
2025-04-25,KOTAKBANK.NS,BUY,3647,100.0,synthetic
2025-04-25,LT.NS,BUY,5011,100.0,synthetic
2025-04-25,MARUTI.NS,BUY,5392,100.0,synthetic
2025-04-25,NESTLEIND.NS,BUY,4766,100.0,synthetic
2025-04-25,ONGC.NS,BUY,5599,100.0,synthetic
2025-04-25,RELIANCE.NS,BUY,4727,100.0,synthetic
2025-04-25,SBIN.NS,BUY,5684,100.0,synthetic
2025-04-25,SUNPHARMA.NS,BUY,5413,100.0,synthetic
2025-04-25,TCS.NS,BUY,4812,100.0,synthetic
2025-04-25,TITAN.NS,BUY,5109,100.0,synthetic
2025-04-25,ULTRACEMCO.NS,BUY,4696,100.0,synthetic
