{
  "as_of_ist": "2025-11-09T14:09:06.522074+05:30",
  "names": 30,
  "split": {
    "L1_core": 0.6,
    "L2_conv": 0.25,
    "L3_long": 0.15
  },
  "per_name_cap": 0.08,
  "sector_cap": null,
  "files": {
    "detail_csv": "F:\\Projects\\trading_stack_py\\reports\\wk43_barbell_compare.csv"
  },
  "inputs": {
    "l1_source": "F:\\Projects\\trading_stack_py\\reports\\wk41_momentum_tilt.csv",
    "l2_present": false,
    "l3_present": false,
    "sector_map_present": false
  },
  "notes": "Barbell = L1(core) + L2(conviction) + L3(long-term); keep 30; per-name & optional sector caps."
}