ticker,why,weight
ASIANPAINT.NS,no_price,0.0450439769
AXISBANK.NS,no_price,0.0499419545
BAJFINANCE.NS,no_price,0.0490810561
BHARTIARTL.NS,no_price,0.0444401428
HCLTECH.NS,no_price,0.0497242537
HDFCBANK.NS,no_price,0.0559316652
ICICIBANK.NS,no_price,0.0520993402
INFY.NS,no_price,0.0493726401
ITC.NS,no_price,0.05581456
KOTAKBANK.NS,no_price,0.0364678417
LT.NS,no_price,0.0501121224
MARUTI.NS,no_price,0.0539216359
NESTLEIND.NS,no_price,0.0476577899
ONGC.NS,no_price,0.0559897002
RELIANCE.NS,no_price,0.0472669977
SBIN.NS,no_price,0.0568377271
SUNPHARMA.NS,no_price,0.0541330102
TCS.NS,no_price,0.048121045
TITAN.NS,no_price,0.0510866878
ULTRACEMCO.NS,no_price,0.0469558527
