date,ticker,sector,w_capped
2025-04-25,ASIANPAINT.NS,UNKNOWN,0.047521988447747805
2025-04-25,AXISBANK.NS,UNKNOWN,0.04997097724750291
2025-04-25,BAJFINANCE.NS,UNKNOWN,0.04954052804754595
2025-04-25,BHARTIARTL.NS,UNKNOWN,0.047220071397777987
2025-04-25,HCLTECH.NS,UNKNOWN,0.04986212684751379
2025-04-25,HDFCBANK.NS,UNKNOWN,0.05296583259720342
2025-04-25,ICICIBANK.NS,UNKNOWN,0.051049670097395035
2025-04-25,INFY.NS,UNKNOWN,0.04968632004753137
2025-04-25,ITC.NS,UNKNOWN,0.05290727999720927
2025-04-25,KOTAKBANK.NS,UNKNOWN,0.04323392084817661
2025-04-25,LT.NS,UNKNOWN,0.050056061197494395
2025-04-25,MARUTI.NS,UNKNOWN,0.051960817947303915
2025-04-25,NESTLEIND.NS,UNKNOWN,0.04882889494761711
2025-04-25,ONGC.NS,UNKNOWN,0.052994850097200515
2025-04-25,RELIANCE.NS,UNKNOWN,0.04863349884763665
2025-04-25,SBIN.NS,UNKNOWN,0.053418863547158114
2025-04-25,SUNPHARMA.NS,UNKNOWN,0.052066505097293346
2025-04-25,TCS.NS,UNKNOWN,0.049060522497593954
2025-04-25,TITAN.NS,UNKNOWN,0.05054334389744567
2025-04-25,ULTRACEMCO.NS,UNKNOWN,0.04847792634765221
