{
  "as_of_utc": "2025-11-09T10:00:39.250359+00:00",
  "e2e_checks": {
    "ok": true,
    "missing": []
  },
  "counts": {
    "run_manifest_rows": 25,
    "tracker_rows": 13
  },
  "latest_reports": [
    {
      "name": "living_tracker.rebuild.bak.csv",
      "bytes": 1044
    },
    {
      "name": "living_tracker.bak.csv",
      "bytes": 39961279
    },
    {
      "name": "W39_capacity_review_2025-11-09_14-28-54.zip",
      "bytes": 1227
    },
    {
      "name": "wk44_redteam_summary.json",
      "bytes": 1162
    },
    {
      "name": "W44_redteam_snapshot.zip",
      "bytes": 2845
    },
    {
      "name": "run_manifest.jsonl",
      "bytes": 315195
    },
    {
      "name": "canary_log.csv",
      "bytes": 7245
    },
    {
      "name": "W44_redteam_review_2025-11-09_14-15-31.zip",
      "bytes": 4030
    },
    {
      "name": "wk43_barbell_compare_summary.json",
      "bytes": 611
    },
    {
      "name": "wk43_barbell_compare.csv",
      "bytes": 3145
    },
    {
      "name": "W43_barbell_review_2025-11-09_14-06-03.zip",
      "bytes": 511103
    },
    {
      "name": "W42_after_tax_review_2025-11-09_13-48-35.zip",
      "bytes": 511863
    }
  ],
  "notes": "W45 end-to-end dry run summary. Ensure red-team (W44) is green before production freeze.",
  "files": {
    "summary_json": "F:\\Projects\\trading_stack_py\\reports\\wk45_e2e_summary.json",
    "run_manifest": "F:\\Projects\\trading_stack_py\\reports\\run_manifest.jsonl",
    "tracker_csv": "F:\\Projects\\trading_stack_py\\docs\\living_tracker.csv"
  }
}