ticker,rows,first_date,last_date,dup_dates,non_monotonic,missing_bd_days,has_close_on_window,covers_targets_window,pass_pit,notes
ASIANPAINT.NS,20,2025-03-31,2025-04-25,0.0,False,0.0,True,True,True,
AXISBANK.NS,20,2025-03-31,2025-04-25,0.0,False,0.0,True,True,True,
BAJFINANCE.NS,20,2025-03-31,2025-04-25,0.0,False,0.0,True,True,True,
BHARTIARTL.NS,20,2025-03-31,2025-04-25,0.0,False,0.0,True,True,True,
HCLTECH.NS,20,2025-03-31,2025-04-25,0.0,False,0.0,True,True,True,
HDFCBANK.NS,0,,,,,,False,False,,no_prices_file
ICICIBANK.NS,20,2025-03-31,2025-04-25,0.0,False,0.0,True,True,True,
INFY.NS,0,,,,,,False,False,,no_prices_file
ITC.NS,20,2025-03-31,2025-04-25,0.0,False,0.0,True,True,True,
KOTAKBANK.NS,20,2025-03-31,2025-04-25,0.0,False,0.0,True,True,True,
LT.NS,0,,,,,,False,False,,no_prices_file
MARUTI.NS,20,2025-03-31,2025-04-25,0.0,False,0.0,True,True,True,
NESTLEIND.NS,20,2025-03-31,2025-04-25,0.0,False,0.0,True,True,True,
ONGC.NS,20,2025-03-31,2025-04-25,0.0,False,0.0,True,True,True,
RELIANCE.NS,0,,,,,,False,False,,no_prices_file
SBIN.NS,20,2025-03-31,2025-04-25,0.0,False,0.0,True,True,True,
SUNPHARMA.NS,20,2025-03-31,2025-04-25,0.0,False,0.0,True,True,True,
TCS.NS,0,,,,,,False,False,,no_prices_file
TITAN.NS,20,2025-03-31,2025-04-25,0.0,False,0.0,True,True,True,
ULTRACEMCO.NS,20,2025-03-31,2025-04-25,0.0,False,0.0,True,True,True,
