i,ticker,date,side,qty,px_ref,why_dropped
0,ASIANPAINT.NS,2025-04-25,BUY,,,bad_qty;bad_px
1,AXISBANK.NS,2025-04-25,BUY,,,bad_qty;bad_px
2,BAJFINANCE.NS,2025-04-25,BUY,,,bad_qty;bad_px
3,BHARTIARTL.NS,2025-04-25,BUY,,,bad_qty;bad_px
4,HCLTECH.NS,2025-04-25,BUY,,,bad_qty;bad_px
5,HDFCBANK.NS,2025-04-25,BUY,,,bad_qty;bad_px
6,ICICIBANK.NS,2025-04-25,BUY,,,bad_qty;bad_px
7,INFY.NS,2025-04-25,BUY,,,bad_qty;bad_px
8,ITC.NS,2025-04-25,BUY,,,bad_qty;bad_px
9,KOTAKBANK.NS,2025-04-25,BUY,,,bad_qty;bad_px
10,LT.NS,2025-04-25,BUY,,,bad_qty;bad_px
11,MARUTI.NS,2025-04-25,BUY,,,bad_qty;bad_px
12,NESTLEIND.NS,2025-04-25,BUY,,,bad_qty;bad_px
13,ONGC.NS,2025-04-25,BUY,,,bad_qty;bad_px
14,RELIANCE.NS,2025-04-25,BUY,,,bad_qty;bad_px
15,SBIN.NS,2025-04-25,BUY,,,bad_qty;bad_px
16,SUNPHARMA.NS,2025-04-25,BUY,,,bad_qty;bad_px
17,TCS.NS,2025-04-25,BUY,,,bad_qty;bad_px
18,TITAN.NS,2025-04-25,BUY,,,bad_qty;bad_px
19,ULTRACEMCO.NS,2025-04-25,BUY,,,bad_qty;bad_px
